timestamp,vesc_id,tachometer_raw


1753360014.543844700,28,9128
1753360014.544079542,46,9167
1753360014.563880920,28,9128
1753360014.564214706,46,9167
1753360014.583754778,28,9128
1753360014.584037781,46,9167
1753360014.603799343,28,9128
1753360014.604258299,46,9167
1753360014.623636246,28,9128
1753360014.623901606,46,9167
1753360014.643614769,28,9128
1753360014.643893480,46,9167
1753360014.663723230,28,9128
1753360014.663886786,46,9167
1753360014.683618784,28,9128
1753360014.683810711,46,9168
1753360014.703553200,28,9128
1753360014.703822374,46,9168
1753360014.723499060,28,9128
1753360014.723767757,46,9168
1753360014.743369818,28,9128
1753360014.743668318,46,9168
1753360014.763350487,28,9128
1753360014.763679743,46,9168
1753360014.783407688,28,9128
1753360014.783658028,46,9168
1753360014.803333521,28,9128
1753360014.803601265,46,9168
1753360014.823313236,28,9128
1753360014.823512077,46,9168
1753360014.843309641,28,9129
1753360014.843480110,46,9168
1753360014.863255739,28,9129
1753360014.863451958,46,9169
1753360014.883197784,28,9129
1753360014.884198189,46,9169
1753360014.903112411,28,9129
1753360014.903396845,46,9169
1753360014.923151970,28,9129
1753360014.923342943,46,9169
1753360014.942931414,28,9129
1753360014.943264484,46,9169
1753360014.962891817,28,9130
1753360014.963297129,46,9169
1753360014.983863592,28,9130
1753360014.984019041,46,9169
1753360015.002922058,28,9130
1753360015.003152847,46,9170
1753360015.022847176,28,9130
1753360015.023092747,46,9170
1753360015.042842150,28,9130
1753360015.043155432,46,9170
1753360015.062717438,28,9131
1753360015.063009739,46,9170
1753360015.082871914,28,9131
1753360015.083071470,46,9171
1753360015.102649689,28,9131
1753360015.102893591,46,9171
1753360015.122591257,28,9131
1753360015.122848511,46,9171
1753360015.142724752,28,9132
1753360015.142982006,46,9171
1753360015.162509203,28,9132
1753360015.162741661,46,9172
1753360015.182412386,28,9132
1753360015.182704926,46,9172
1753360015.202467442,28,9132
1753360015.202677488,46,9172
1753360015.222054720,46,9173
1753360015.222690582,28,9133
1753360015.241942167,46,9173
1753360015.242601871,28,9133
1753360015.262269735,46,9173
1753360015.262605429,28,9134
1753360015.281916618,46,9173
1753360015.282554150,28,9134
1753360015.302217960,46,9174
1753360015.302468061,28,9134
1753360015.322495222,46,9174
1753360015.322641611,28,9134
1753360015.342020035,46,9175
1753360015.342318058,28,9135
1753360015.362015963,46,9175
1753360015.362664700,28,9135
1753360015.382285833,46,9175
1753360015.382426262,28,9135
1753360015.401611328,46,9176
1753360015.402154922,28,9136
1753360015.421900034,46,9176
1753360015.422190905,28,9136
1753360015.441506624,46,9176
1753360015.442149162,28,9137
1753360015.461483479,46,9177
1753360015.462226629,28,9137
1753360015.481788874,46,9177
1753360015.482017756,28,9138
1753360015.501401901,46,9178
1753360015.502020121,28,9138
1753360015.521392107,46,9178
1753360015.521988392,28,9138
1753360015.542017221,46,9179
1753360015.542246819,28,9139
1753360015.561242819,46,9179
1753360015.561882257,28,9139
1753360015.581235647,46,9180
1753360015.581774235,28,9140
1753360015.601175785,46,9180
1753360015.601759434,28,9140
1753360015.621043444,46,9181
1753360015.621608973,28,9141
1753360015.641399384,46,9181
1753360015.641685247,28,9141
1753360015.660989761,46,9182
1753360015.661646128,28,9142
1753360015.681001186,46,9182
1753360015.681505442,28,9142
1753360015.701146126,46,9183
1753360015.701698780,28,9143
1753360015.720841646,46,9183
1753360015.721495390,28,9143
1753360015.741207361,46,9184
1753360015.741482019,28,9144
1753360015.760842085,46,9184
1753360015.761433840,28,9145
1753360015.780727386,46,9185
1753360015.781372786,28,9145
1753360015.801015377,46,9185
1753360015.801717520,28,9146
1753360015.821315765,46,9186
1753360015.821500063,28,9146
1753360015.840646982,46,9187
1753360015.841198444,28,9147
1753360015.861157417,46,9187
1753360015.861339092,28,9148
1753360015.880514145,46,9188
1753360015.881135941,28,9148
1753360015.900691509,46,9189
1753360015.901168823,28,9149
1753360015.920896769,46,9189
1753360015.921041965,28,9149
1753360015.940352917,46,9190
1753360015.940990686,28,9150
1753360015.960670710,46,9190
1753360015.960983992,28,9151
1753360015.980277538,46,9191
1753360015.981052876,28,9151
1753360016.000139475,46,9192
1753360016.000823259,28,9152
1753360016.020242453,46,9192
1753360016.021031857,28,9153
1753360016.040094376,46,9193
1753360016.040775776,28,9154
1753360016.060110569,46,9194
1753360016.060749769,28,9154
1753360016.080077410,46,9195
1753360016.080737352,28,9155
1753360016.099936247,46,9195
1753360016.100668669,28,9156
1753360016.120207071,46,9196
1753360016.120756626,28,9156
1753360016.140068054,46,9197
1753360016.140686989,28,9157
1753360016.159811020,46,9198
1753360016.160514593,28,9158
1753360016.179824114,46,9198
1753360016.180722952,28,9159
1753360016.199678898,46,9199
1753360016.200456142,28,9159
1753360016.219689131,46,9200
1753360016.220416307,28,9160
1753360016.239725113,46,9201
1753360016.240428209,28,9161
1753360016.259607315,46,9201
1753360016.260444403,28,9162
1753360016.279856443,46,9202
1753360016.280328751,28,9163
1753360016.299573660,46,9203
1753360016.300419807,28,9164
1753360016.319421291,46,9204
1753360016.320203066,28,9164
1753360016.339576006,46,9205
1753360016.340332747,28,9165
1753360016.359717131,46,9206
1753360016.360269547,28,9166
1753360016.379310846,46,9206
1753360016.380102873,28,9167
1753360016.399382114,46,9207
1753360016.400149822,28,9168
1753360016.419292927,46,9208
1753360016.420214415,28,9169
1753360016.439129591,46,9209
1753360016.440036774,28,9170
1753360016.459520340,46,9210
1753360016.460236788,28,9171
1753360016.479069471,46,9211
1753360016.480048180,28,9172
1753360016.499031544,46,9212
1753360016.500010014,28,9173
1753360016.519061565,46,9213
1753360016.520005703,28,9173
1753360016.538915157,46,9214
1753360016.539894342,28,9174
1753360016.558910131,46,9215
1753360016.560440779,28,9175
1753360016.579025984,46,9216
1753360016.579993486,28,9176
1753360016.598787308,46,9217
1753360016.599801540,28,9177
1753360016.619103670,46,9218
1753360016.619822264,28,9178
1753360016.638859749,46,9219
1753360016.639752865,28,9180
1753360016.658639193,46,9220
1753360016.659914255,28,9181
1753360016.678633928,46,9221
1753360016.679912806,28,9181
1753360016.698557615,46,9222
1753360016.699586630,28,9183
1753360016.718447447,46,9223
1753360016.719559908,28,9184
1753360016.738413811,46,9224
1753360016.739527464,28,9184
1753360016.758379459,46,9225
1753360016.759483814,28,9186
1753360016.778388977,46,9226
1753360016.779463530,28,9187
1753360016.798274755,46,9227
1753360016.799420357,28,9188
1753360016.818234682,46,9228
1753360016.819365978,28,9189
1753360016.838780403,46,9229
1753360016.840412617,28,9190
1753360016.858232498,46,9230
1753360016.859413147,28,9191
1753360016.878242254,46,9231
1753360016.879358768,28,9192
1753360016.898414373,46,9233
1753360016.899383545,28,9193
1753360016.918096542,46,9234
1753360016.919214964,28,9195
1753360016.937945127,46,9235
1753360016.939152718,28,9196
1753360016.958047152,46,9236
1753360016.959183455,28,9197
1753360016.977854252,46,9237
1753360016.979053736,28,9198
1753360016.998128891,46,9238
1753360016.999104738,28,9199
1753360017.017859697,46,9240
1753360017.019075632,28,9200
1753360017.038179398,46,9241
1753360017.039043427,28,9202
1753360017.057904720,46,9242
1753360017.059061289,28,9203
1753360017.077734947,46,9243
1753360017.078899384,28,9204
1753360017.097594738,46,9244
1753360017.098887682,28,9205
1753360017.117760420,46,9245
1753360017.118932247,28,9206
1753360017.137518167,46,9247
1753360017.138858080,28,9208
1753360017.157443047,46,9248
1753360017.158732176,28,9209
1753360017.177476168,46,9249
1753360017.178778648,28,9210
1753360017.197389841,46,9250
1753360017.198660374,28,9211
1753360017.217591286,46,9252
1753360017.218769550,28,9213
1753360017.237384081,46,9253
1753360017.238712311,28,9214
1753360017.257283211,46,9254
1753360017.258565903,28,9215
1753360017.277406454,46,9256
1753360017.278653860,28,9217
1753360017.297142506,46,9257
1753360017.298562765,28,9218
1753360017.317118883,46,9258
1753360017.318419933,28,9219
1753360017.337380648,46,9260
1753360017.338470459,28,9221
1753360017.357059002,46,9261
1753360017.358345032,28,9222
1753360017.376990557,46,9262
1753360017.378349066,28,9223
1753360017.396918297,46,9264
1753360017.398319006,28,9225
1753360017.416813135,46,9265
1753360017.418278456,28,9226
1753360017.436976910,46,9266
1753360017.438286781,28,9228
1753360017.457117081,46,9268
1753360017.459458590,28,9229
1753360017.476941824,46,9269
1753360017.478198767,28,9230
1753360017.496968508,46,9271
1753360017.498209238,28,9232
1753360017.517153502,46,9272
1753360017.518304586,28,9233
1753360017.536666393,46,9273
1753360017.538070202,28,9235
1753360017.556722164,46,9275
1753360017.558311224,28,9236
1753360017.577221394,46,9276
1753360017.578347445,28,9238
1753360017.596560955,46,9278
1753360017.598223686,28,9239
1753360017.616607428,46,9279
1753360017.618123531,28,9241
1753360017.636410475,46,9281
1753360017.638167858,28,9242
1753360017.656658173,46,9282
1753360017.658134699,28,9244
1753360017.676232100,46,9284
1753360017.678165913,28,9245
1753360017.697371960,46,9285
1753360017.698287725,28,9247
1753360017.716191769,46,9287
1753360017.718236446,28,9248
1753360017.736077547,46,9288
1753360017.737983227,28,9250
1753360017.756154060,46,9290
1753360017.758007765,28,9251
1753360017.776198864,46,9291
1753360017.777989864,28,9253
1753360017.796030521,46,9293
1753360017.798141241,28,9254
1753360017.816005468,46,9294
1753360017.817873001,28,9256
1753360017.836277485,46,9296
1753360017.837858677,28,9258
1753360017.855793238,46,9298
1753360017.857863903,28,9259
1753360017.875787497,46,9299
1753360017.877808809,28,9261
1753360017.895712852,46,9301
1753360017.897703171,28,9263
1753360017.915670872,46,9302
1753360017.917662382,28,9264
1753360017.935606003,46,9304
1753360017.937591791,28,9266
1753360017.955525875,46,9306
1753360017.957559824,28,9268
1753360017.975480318,46,9307
1753360017.977545977,28,9269
1753360017.995489120,46,9309
1753360017.997522354,28,9271
1753360018.015552759,46,9311
1753360018.017461300,28,9273
1753360018.035408020,46,9312
1753360018.037477016,28,9274
1753360018.055429935,46,9314
1753360018.057475328,28,9276
1753360018.075644732,46,9316
1753360018.077368259,28,9278
1753360018.095399857,46,9317
1753360018.097586155,28,9280
1753360018.115352869,46,9319
1753360018.117305756,28,9281
1753360018.135325670,46,9321
1753360018.137245893,28,9283
1753360018.155114174,46,9323
1753360018.157756329,28,9285
1753360018.175211430,46,9324
1753360018.177170515,28,9287
1753360018.195015907,46,9326
1753360018.197277784,28,9288
1753360018.214951754,46,9328
1753360018.217109680,28,9290
1753360018.234907389,46,9330
1753360018.237064123,28,9292
1753360018.254801989,46,9332
1753360018.256975651,28,9294
1753360018.274778128,46,9333
1753360018.276931524,28,9296
1753360018.294833660,46,9335
1753360018.296927452,28,9298
1753360018.314709663,46,9337
1753360018.316953182,28,9300
1753360018.335018635,46,9339
1753360018.337005377,28,9301
1753360018.354688168,46,9341
1753360018.356870174,28,9303
1753360018.374654293,46,9342
1753360018.377341270,28,9305
1753360018.394796371,46,9344
1753360018.396908045,28,9307
1753360018.414494514,46,9346
1753360018.416811705,28,9309
1753360018.434837818,46,9348
1753360018.436778784,28,9311
1753360018.454474926,46,9350
1753360018.456687212,28,9313
1753360018.474363804,46,9352
1753360018.476711512,28,9315
1753360018.495124578,46,9354
1753360018.496754646,28,9316
1753360018.514245987,46,9356
1753360018.516650677,28,9318
1753360018.534198999,46,9358
1753360018.536634445,28,9320
1753360018.554106474,46,9359
1753360018.556473494,28,9322
1753360018.574194431,46,9361
1753360018.576440096,28,9324
1753360018.594079256,46,9363
1753360018.596768618,28,9326
1753360018.613960266,46,9365
1753360018.616360426,28,9328
1753360018.633920908,46,9367
1753360018.636394978,28,9330
1753360018.653941870,46,9369
1753360018.656477451,28,9332
1753360018.673980951,46,9371
1753360018.676405668,28,9334
1753360018.693876505,46,9373
1753360018.696397305,28,9336
1753360018.713966131,46,9375
1753360018.716592312,28,9338
1753360018.733849764,46,9377
1753360018.736346006,28,9340
1753360018.753653288,46,9379
1753360018.756282806,28,9342
1753360018.773655653,46,9381
1753360018.776211262,28,9344
1753360018.793645620,46,9383
1753360018.796228409,28,9346
1753360018.813572645,46,9385
1753360018.816111326,28,9349
1753360018.833461285,46,9387
1753360018.836052418,28,9351
1753360018.853410721,46,9390
1753360018.856054306,28,9353
1753360018.873405457,46,9392
1753360018.877232790,28,9355
1753360018.893370867,46,9394
1753360018.896058798,28,9357
1753360018.913252354,46,9396
1753360018.916134596,28,9359
1753360018.933274984,46,9398
1753360018.935933352,28,9361
1753360018.953439951,46,9400
1753360018.955943108,28,9363
1753360018.973144770,46,9402
1753360018.975849390,28,9366
1753360018.993314266,46,9404
1753360018.995873213,28,9368
1753360019.013096809,46,9406
1753360019.015713692,28,9370
1753360019.033090353,46,9409
1753360019.035708427,28,9372
1753360019.053252697,46,9411
1753360019.055737972,28,9374
1753360019.072946072,46,9413
1753360019.075692892,28,9377
1753360019.093041897,46,9415
1753360019.096566677,28,9379
1753360019.113277435,46,9417
1753360019.115643501,28,9381
1753360019.132953405,46,9419
1753360019.135504723,28,9383
1753360019.152904272,46,9422
1753360019.155421495,28,9385
1753360019.172888756,46,9424
1753360019.175430059,28,9388
1753360019.192722321,46,9426
1753360019.195412397,28,9390
1753360019.212790966,46,9428
1753360019.215474129,28,9392
1753360019.232568741,46,9431
1753360019.235383749,28,9395
1753360019.252522469,46,9433
1753360019.255305529,28,9397
1753360019.272797108,46,9435
1753360019.275587082,28,9399
1753360019.292645216,46,9438
1753360019.295303106,28,9402
1753360019.312462807,46,9440
1753360019.315223694,28,9404
1753360019.332393885,46,9442
1753360019.335277796,28,9406
1753360019.352235556,46,9444
1753360019.355116606,28,9409
1753360019.372411966,46,9447
1753360019.375123978,28,9411
1753360019.392237425,46,9449
1753360019.395254850,28,9413
1753360019.412152052,46,9452
1753360019.414940119,28,9416
1753360019.432379961,46,9454
1753360019.435092449,28,9418
1753360019.452016115,46,9456
1753360019.455322027,28,9421
1753360019.472065449,46,9459
1753360019.474858284,28,9423
1753360019.492011786,46,9461
1753360019.494823933,28,9426
1753360019.511918545,46,9464
1753360019.514830351,28,9428
1753360019.531904459,46,9466
1753360019.535002947,28,9430
1753360019.551989555,46,9468
1753360019.555315018,28,9433
1753360019.571807384,46,9471
1753360019.574710131,28,9435
1753360019.592680931,46,9473
1753360019.594706774,28,9438
1753360019.611695528,46,9476
1753360019.614567280,28,9440
1753360019.631585836,46,9478
1753360019.634524107,28,9443
1753360019.651818275,46,9481
1753360019.654522657,28,9445
1753360019.671508551,46,9483
1753360019.674468279,28,9448
1753360019.691686392,46,9486
1753360019.694593430,28,9450
1753360019.711483479,46,9488
1753360019.714391947,28,9453
1753360019.731323957,46,9491
1753360019.734327316,28,9456
1753360019.751559973,46,9493
1753360019.754365444,28,9458
1753360019.771223545,46,9496
1753360019.774310589,28,9461
1753360019.791239977,46,9498
1753360019.794650793,28,9463
1753360019.811490059,46,9501
1753360019.814217806,28,9466
1753360019.831166029,46,9503
1753360019.834301710,28,9469
1753360019.851058483,46,9506
1753360019.854169846,28,9471
1753360019.871236086,46,9508
1753360019.874289989,28,9474
1753360019.890976667,46,9511
1753360019.894149303,28,9476
1753360019.910991192,46,9514
1753360019.914103270,28,9479
1753360019.931088686,46,9516
1753360019.934264421,28,9481
1753360019.950787544,46,9519
1753360019.953962088,28,9484
1753360019.971267223,46,9521
1753360019.973923922,28,9487
1753360019.990979433,46,9524
1753360019.994224787,28,9490
1753360020.010678291,46,9527
1753360020.014348984,28,9492
1753360020.030973434,46,9529
1753360020.033848047,28,9495
1753360020.050663710,46,9532
1753360020.053883314,28,9498
1753360020.070888042,46,9535
1753360020.073783398,28,9500
1753360020.090686798,46,9537
1753360020.093913317,28,9503
1753360020.110565424,46,9540
1753360020.113760233,28,9506
1753360020.130409956,46,9543
1753360020.133606672,28,9508
1753360020.150348902,46,9545
1753360020.153712273,28,9511
1753360020.170289993,46,9548
1753360020.173645020,28,9514
1753360020.191129923,46,9551
1753360020.193643332,28,9517
1753360020.210404158,46,9554
1753360020.213501692,28,9519
1753360020.230168343,46,9556
1753360020.233462811,28,9522
1753360020.250262737,46,9559
1753360020.253509045,28,9525
1753360020.270172834,46,9562
1753360020.273324251,28,9528
1753360020.290056467,46,9565
1753360020.293301821,28,9531
1753360020.310192108,46,9567
1753360020.313286066,28,9534
1753360020.329918385,46,9570
1753360020.333237410,28,9536
1753360020.350341558,46,9573
1753360020.353205919,28,9539
1753360020.369995594,46,9576
1753360020.373380423,28,9542
1753360020.389814615,46,9579
1753360020.393199682,28,9545
1753360020.410085440,46,9582
1753360020.413161039,28,9548
1753360020.429765940,46,9584
1753360020.433266640,28,9551
1753360020.449684143,46,9587
1753360020.453042030,28,9554
1753360020.469660997,46,9590
1753360020.473008156,28,9557
1753360020.489600420,46,9593
1753360020.493015051,28,9560
1753360020.509814739,46,9596
1753360020.512886286,28,9563
1753360020.529563189,46,9599
1753360020.533074141,28,9566
1753360020.549447060,46,9602
1753360020.552821159,28,9568
1753360020.569734097,46,9605
1753360020.572778940,28,9571
1753360020.589387894,46,9608
1753360020.592975140,28,9574
1753360020.609242916,46,9611
1753360020.612670183,28,9577
1753360020.629283667,46,9614
1753360020.632753611,28,9581
1753360020.649177551,46,9617
1753360020.652598619,28,9584
1753360020.669167757,46,9620
1753360020.672665358,28,9587
1753360020.689203501,46,9622
1753360020.692710876,28,9590
1753360020.709272623,46,9626
1753360020.712507248,28,9593
1753360020.729146004,46,9628
1753360020.732571840,28,9596
1753360020.749167442,46,9631
1753360020.752675056,28,9599
1753360020.768926144,46,9634
1753360020.772623062,28,9602
1753360020.789094687,46,9638
1753360020.792593718,28,9605
1753360020.809021711,46,9641
1753360020.812650681,28,9608
1753360020.828761578,46,9644
1753360020.832515955,28,9611
1753360020.848728418,46,9647
1753360020.852467299,28,9614
1753360020.868697166,46,9650
1753360020.872424603,28,9617
1753360020.888596058,46,9653
1753360020.892342806,28,9621
1753360020.908849716,46,9656
1753360020.912405968,28,9624
1753360020.928650856,46,9659
1753360020.933206320,28,9627
1753360020.948585510,46,9662
1753360020.952331543,28,9630
1753360020.968498707,46,9665
1753360020.972228765,28,9633
1753360020.988397121,46,9668
1753360020.992247581,28,9636
1753360021.008453369,46,9671
1753360021.012335300,28,9639
1753360021.028336048,46,9675
1753360021.032211781,28,9643
1753360021.048184633,46,9678
1753360021.052122355,28,9646
1753360021.068182230,46,9681
1753360021.072210073,28,9649
1753360021.088624954,46,9684
1753360021.092843294,28,9652
1753360021.108055353,46,9687
1753360021.111874580,28,9655
1753360021.128068924,46,9691
1753360021.131868124,28,9659
1753360021.147962093,46,9694
1753360021.151818037,28,9662
1753360021.167950153,46,9697
1753360021.171817064,28,9665
1753360021.187923908,46,9700
1753360021.191987038,28,9668
1753360021.207876682,46,9703
1753360021.211802483,28,9672
1753360021.228156567,46,9707
1753360021.232430935,28,9675
1753360021.247982502,46,9710
1753360021.251682520,28,9678
1753360021.267733335,46,9713
1753360021.271669865,28,9682
1753360021.287722588,46,9716
1753360021.291623116,28,9685
1753360021.307633400,46,9720
1753360021.311628819,28,9688
1753360021.327597380,46,9723
1753360021.331566334,28,9692
1753360021.347594023,46,9726
1753360021.351714849,28,9695
1753360021.367562294,46,9730
1753360021.371490002,28,9699
1753360021.387516499,46,9733
1753360021.391371727,28,9702
1753360021.407452106,46,9736
1753360021.411420345,28,9705
1753360021.427358866,46,9740
1753360021.431368351,28,9709
1753360021.447342396,46,9743
1753360021.451335907,28,9712
1753360021.467446566,46,9746
1753360021.471450090,28,9715
1753360021.487255096,46,9750
1753360021.491258144,28,9719
1753360021.507224321,46,9753
1753360021.511839390,28,9723
1753360021.527579308,46,9757
1753360021.531196833,28,9726
1753360021.547044754,46,9760
1753360021.551056862,28,9729
1753360021.567054749,46,9763
1753360021.571408987,28,9733
1753360021.586949348,46,9767
1753360021.590991259,28,9736
1753360021.607230902,46,9770
1753360021.610985041,28,9740
1753360021.626951933,46,9774
1753360021.630884171,28,9743
1753360021.646843672,46,9777
1753360021.650855541,28,9747
1753360021.667092562,46,9781
1753360021.671412230,28,9750
1753360021.686724901,46,9784
1753360021.690796614,28,9754
1753360021.706666470,46,9788
1753360021.710764647,28,9757
1753360021.726969957,46,9791
1753360021.730823278,28,9761
1753360021.746742964,46,9795
1753360021.750964403,28,9764
1753360021.766486168,46,9798
1753360021.770658493,28,9768
1753360021.786556959,46,9802
1753360021.790650606,28,9772
1753360021.806400776,46,9805
1753360021.810541630,28,9775
1753360021.826625109,46,9809
1753360021.830490828,28,9779
1753360021.846873045,46,9812
1753360021.850565434,28,9782
1753360021.866269588,46,9816
1753360021.870440006,28,9786
1753360021.886303186,46,9819
1753360021.890372276,28,9789
1753360021.906394005,46,9823
1753360021.910600185,28,9793
1753360021.926511526,46,9827
1753360021.930418015,28,9797
1753360021.946115494,46,9830
1753360021.950296640,28,9800
1753360021.966245413,46,9834
1753360021.970304012,28,9804
1753360021.986046791,46,9837
1753360021.990220785,28,9808
1753360022.006632566,46,9841
1753360022.010288954,28,9811
1753360022.026014090,46,9845
1753360022.030357361,28,9815
1753360022.045936346,46,9848
1753360022.050183773,28,9819
1753360022.066869259,46,9852
1753360022.070140123,28,9823
1753360022.085780144,46,9856
1753360022.090176582,28,9826
1753360022.106257439,46,9859
1753360022.110286236,28,9830
1753360022.125676394,46,9863
1753360022.130174637,28,9834
1753360022.145650387,46,9867
1753360022.150271177,28,9838
1753360022.165588140,46,9870
1753360022.170113325,28,9841
1753360022.185653687,46,9874
1753360022.190178394,28,9845
1753360022.205507517,46,9878
1753360022.209977627,28,9849
1753360022.225761175,46,9882
1753360022.229933023,28,9853
1753360022.245445013,46,9885
1753360022.250002146,28,9857
1753360022.265671730,46,9889
1753360022.269889593,28,9861
1753360022.285820961,46,9893
1753360022.289865017,28,9864
1753360022.305253267,46,9897
1753360022.309763670,28,9868
1753360022.325390816,46,9901
1753360022.329809904,28,9872
1753360022.345130920,46,9904
1753360022.349715710,28,9876
1753360022.365072012,46,9908
1753360022.369648218,28,9880
1753360022.385240793,46,9912
1753360022.389654875,28,9883
1753360022.405021906,46,9916
1753360022.409822702,28,9887
1753360022.424962282,46,9919
1753360022.429552794,28,9891
1753360022.445071697,46,9923
1753360022.449481726,28,9895
1753360022.464853287,46,9927
1753360022.469458342,28,9899
1753360022.485402107,46,9930
1753360022.489422798,28,9902
1753360022.505308628,46,9934
1753360022.509459257,28,9906
1753360022.524779081,46,9938
1753360022.529369831,28,9910
1753360022.544675112,46,9941
1753360022.549314737,28,9913
1753360022.564609766,46,9945
1753360022.569259882,28,9917
1753360022.584599972,46,9949
1753360022.589256048,28,9921
1753360022.604882002,46,9952
1753360022.609297037,28,9925
1753360022.624480724,46,9956
1753360022.629161358,28,9928
1753360022.644447565,46,9960
1753360022.649151564,28,9932
1753360022.664815664,46,9963
1753360022.669214010,28,9936
1753360022.684365273,46,9967
1753360022.689184427,28,9939
1753360022.704318762,46,9970
1753360022.709115505,28,9943
1753360022.724505424,46,9974
1753360022.728967190,28,9946
1753360022.744221449,46,9978
1753360022.749041319,28,9950
1753360022.764749527,46,9981
1753360022.768975973,28,9954
1753360022.784214973,46,9985
1753360022.788832664,28,9957
1753360022.804065943,46,9988
1753360022.808804274,28,9961
1753360022.824006796,46,9992
1753360022.828786373,28,9964
1753360022.844067335,46,9995
1753360022.848850250,28,9968
1753360022.863893747,46,9999
1753360022.868783474,28,9972
1753360022.883922100,46,10002
1753360022.888766289,28,9975
1753360022.903882265,46,10006
1753360022.908808708,28,9979
1753360022.923763990,46,10009
1753360022.928694963,28,9982
1753360022.943709135,46,10013
1753360022.948662281,28,9986
1753360022.963671446,46,10016
1753360022.968625546,28,9989
1753360022.984158754,46,10020
1753360022.988587856,28,9993
1753360023.003689289,46,10023
1753360023.008745193,28,9996
1753360023.023578405,46,10027
1753360023.028633833,28,10000
1753360023.043512106,46,10030
1753360023.048485994,28,10003
1753360023.063561916,46,10033
1753360023.068779707,28,10007
1753360023.083470106,46,10037
1753360023.088423491,28,10010
1753360023.103590727,46,10040
1753360023.108600616,28,10014
1753360023.123345137,46,10044
1753360023.128308296,28,10017
1753360023.143246412,46,10047
1753360023.148939610,28,10021
1753360023.163206816,46,10050
1753360023.168460608,28,10024
1753360023.183195353,46,10054
1753360023.188316584,28,10027
1753360023.203162432,46,10057
1753360023.208261967,28,10031
1753360023.223130941,46,10060
1753360023.228451490,28,10034
1753360023.243597031,46,10064
1753360023.248195410,28,10037
1753360023.263300419,46,10067
1753360023.268092155,28,10041
1753360023.283030748,46,10070
1753360023.287977695,28,10044
1753360023.302941322,46,10074
1753360023.308439732,28,10048
1753360023.323331594,46,10077
1753360023.327921629,28,10051
1753360023.342806101,46,10080
1753360023.348033428,28,10054
1753360023.362798929,46,10084
1753360023.367851496,28,10057
1753360023.382852077,46,10087
1753360023.387946606,28,10061
1753360023.402624846,46,10090
1753360023.407882929,28,10064
1753360023.422688007,46,10093
1753360023.428677559,28,10067
1753360023.443208694,46,10096
1753360023.447763681,28,10071
1753360023.462636709,46,10100
1753360023.468026638,28,10074
1753360023.482510805,46,10103
1753360023.487629652,28,10077
1753360023.502459764,46,10106
1753360023.507640362,28,10080
1753360023.522450686,46,10109
1753360023.527693272,28,10083
1753360023.542323351,46,10112
1753360023.547526121,28,10087
1753360023.562318563,46,10115
1753360023.567464590,28,10090
1753360023.582262278,46,10119
1753360023.587483406,28,10093
1753360023.602437973,46,10122
1753360023.607581854,28,10096
1753360023.622196198,46,10125
1753360023.627460957,28,10100
1753360023.642084360,46,10128
1753360023.648136616,28,10103
1753360023.662896395,46,10131
1753360023.667274952,28,10106
1753360023.682021379,46,10134
1753360023.687330484,28,10109
1753360023.701956272,46,10137
1753360023.707252264,28,10112
1753360023.722038269,46,10140
1753360023.727174997,28,10115
1753360023.741862774,46,10144
1753360023.747215271,28,10119
1753360023.762271166,46,10147
1753360023.767572641,28,10122
1753360023.781833172,46,10150
1753360023.787141085,28,10125
1753360023.801753998,46,10153
1753360023.807109118,28,10128
1753360023.822221518,46,10156
1753360023.827050924,28,10131
1753360023.841605663,46,10159
1753360023.847005367,28,10134
1753360023.861640215,46,10162
1753360023.866964340,28,10137
1753360023.881995678,46,10165
1753360023.887184381,28,10140
1753360023.901603699,46,10168
1753360023.907282829,28,10143
1753360023.921887159,46,10171
1753360023.926812410,28,10146
1753360023.941915035,46,10174
1753360023.946855068,28,10149
1753360023.961304665,46,10177
1753360023.966736794,28,10152
1753360023.981409788,46,10180
1753360023.986919165,28,10155
1753360024.001665592,46,10183
1753360024.006875992,28,10158
1753360024.021250486,46,10186
1753360024.026867151,28,10161
1753360024.041203976,46,10189
1753360024.046823025,28,10164
1753360024.061152458,46,10192
1753360024.066781759,28,10167
1753360024.081381321,46,10194
1753360024.087418079,28,10170
1753360024.101131439,46,10197
1753360024.106862068,28,10173
1753360024.120910406,46,10200
1753360024.126579046,28,10176
1753360024.141126156,46,10203
1753360024.146588087,28,10179
1753360024.161100149,46,10206
1753360024.166678667,28,10182
1753360024.181040525,46,10209
1753360024.186511517,28,10185
1753360024.200770378,46,10212
1753360024.206418991,28,10188
1753360024.220731735,46,10215
1753360024.226628304,28,10190
1753360024.240727901,46,10217
1753360024.246421576,28,10193
1753360024.260982752,46,10220
1753360024.266495466,28,10196
1753360024.280585527,46,10223
1753360024.286369801,28,10199
1753360024.300612926,46,10226
1753360024.306374311,28,10202
1753360024.320557356,46,10228
1753360024.326259851,28,10205
1753360024.340482235,46,10231
1753360024.346133709,28,10207
1753360024.360765457,46,10234
1753360024.366164207,28,10210
1753360024.380394936,46,10237
1753360024.386163950,28,10213
1753360024.400359392,46,10240
1753360024.406285286,28,10216
1753360024.420593977,46,10242
1753360024.426093102,28,10218
1753360024.440712452,46,10245
1753360024.446295261,28,10221
1753360024.460139275,46,10248
1753360024.466025114,28,10224
1753360024.480240345,46,10250
1753360024.485956192,28,10227
1753360024.500246048,46,10253
1753360024.506282330,28,10230
1753360024.520040512,46,10256
1753360024.525812387,28,10232
1753360024.540021181,46,10259
1753360024.546193600,28,10235
1753360024.559973478,46,10261
1753360024.565829515,28,10238
1753360024.580244064,46,10264
1753360024.585845709,28,10241
1753360024.599929333,46,10267
1753360024.605877876,28,10243
1753360024.619751215,46,10269
1753360024.625674486,28,10246
1753360024.639821529,46,10272
1753360024.645615578,28,10248
1753360024.659656525,46,10274
1753360024.665628910,28,10251
1753360024.679635525,46,10277
1753360024.685980082,28,10254
1753360024.699575186,46,10280
1753360024.705557346,28,10257
1753360024.719632149,46,10282
1753360024.725417614,28,10259
1753360024.739597321,46,10285
1753360024.745399952,28,10262
1753360024.759753466,46,10287
1753360024.765755415,28,10264
1753360024.779460907,46,10290
1753360024.785329103,28,10267
1753360024.799418449,46,10293
1753360024.805321217,28,10270
1753360024.819281816,46,10295
1753360024.825323343,28,10272
1753360024.839234829,46,10298
1753360024.845198631,28,10275
1753360024.859278440,46,10300
1753360024.865231037,28,10278
1753360024.879215479,46,10303
1753360024.885121346,28,10280
1753360024.899145842,46,10305
1753360024.905189991,28,10282
1753360024.919087887,46,10308
1753360024.925140142,28,10285
1753360024.938990593,46,10310
1753360024.945213795,28,10288
1753360024.958985329,46,10313
1753360024.965155125,28,10290
1753360024.978883982,46,10315
1753360024.985100985,28,10293
1753360024.998976231,46,10318
1753360025.005218029,28,10295
1753360025.019159555,46,10320
1753360025.025122881,28,10297
1753360025.038750887,46,10323
1753360025.044996977,28,10300
1753360025.058685541,46,10325
1753360025.064970493,28,10303
1753360025.078890562,46,10327
1753360025.084917068,28,10305
1753360025.098619699,46,10330
1753360025.104973316,28,10307
1753360025.118695498,46,10332
1753360025.124878645,28,10310
1753360025.138519764,46,10335
1753360025.144890785,28,10312
1753360025.158571243,46,10337
1753360025.164781094,28,10315
1753360025.179477453,46,10339
1753360025.184818506,28,10317
1753360025.198356152,46,10342
1753360025.204678774,28,10319
1753360025.218315125,46,10344
1753360025.224638939,28,10322
1753360025.238565683,46,10346
1753360025.244718790,28,10324
1753360025.258334875,46,10349
1753360025.264912367,28,10326
1753360025.278228045,46,10351
1753360025.285035849,28,10329
1753360025.298265457,46,10353
1753360025.304464817,28,10331
1753360025.318853855,46,10356
1753360025.324724674,28,10333
1753360025.338078022,46,10358
1753360025.344509125,28,10336
1753360025.358009338,46,10360
1753360025.364322186,28,10338
1753360025.377940416,46,10363
1753360025.384334326,28,10340
1753360025.397914171,46,10365
1753360025.404386759,28,10343
1753360025.417952061,46,10367
1753360025.424610376,28,10345
1753360025.437848806,46,10369
1753360025.444345713,28,10347
1753360025.457921743,46,10371
1753360025.464139223,28,10349
1753360025.477729559,46,10374
1753360025.484287262,28,10352
1753360025.497657061,46,10376
1753360025.504095316,28,10354
1753360025.518101215,46,10378
1753360025.524077654,28,10356
1753360025.537622690,46,10380
1753360025.544046640,28,10358
1753360025.557614326,46,10382
1753360025.564064503,28,10361
1753360025.577497959,46,10385
1753360025.583994389,28,10363
1753360025.597432613,46,10387
1753360025.603956461,28,10365
1753360025.617375374,46,10389
1753360025.623855114,28,10367
1753360025.637439728,46,10391
1753360025.643841028,28,10369
1753360025.657454252,46,10393
1753360025.664016962,28,10371
1753360025.677281618,46,10395
1753360025.683807373,28,10374
1753360025.697215319,46,10397
1753360025.703849077,28,10376
1753360025.717200279,46,10399
1753360025.723904610,28,10378
1753360025.737153292,46,10402
1753360025.743711233,28,10380
1753360025.757297516,46,10404
1753360025.763867140,28,10382
1753360025.777049303,46,10406
1753360025.783940077,28,10384
1753360025.797063828,46,10408
1753360025.803519249,28,10386
1753360025.816976786,46,10410
1753360025.823510170,28,10389
1753360025.836910963,46,10412
1753360025.843584299,28,10391
1753360025.857447624,46,10414
1753360025.863395691,28,10393
1753360025.876772165,46,10416
1753360025.883470058,28,10395
1753360025.896769524,46,10418
1753360025.903420925,28,10397
1753360025.917057037,46,10420
1753360025.923383713,28,10399
1753360025.936818838,46,10422
1753360025.944110155,28,10401
1753360025.956551313,46,10424
1753360025.963201284,28,10403
1753360025.977391720,46,10426
1753360025.983286619,28,10405
1753360025.996597767,46,10428
1753360026.003662586,28,10407
1753360026.016492367,46,10430
1753360026.023158789,28,10409
1753360026.036429167,46,10432
1753360026.043171167,28,10411
1753360026.056359053,46,10434
1753360026.063264608,28,10413
1753360026.076364517,46,10436
1753360026.083156109,28,10415
1753360026.096344471,46,10438
1753360026.103113651,28,10417
1753360026.116296291,46,10440
1753360026.122960806,28,10419
1753360026.136207342,46,10442
1753360026.142956972,28,10420
1753360026.156132936,46,10443
1753360026.163373709,28,10423
1753360026.176096201,46,10445
1753360026.182847977,28,10424
1753360026.196024656,46,10447
1753360026.202872753,28,10426
1753360026.215960026,46,10449
1753360026.222756147,28,10428
1753360026.235979319,46,10451
1753360026.242835045,28,10430
1753360026.256111860,46,10453
1753360026.262873650,28,10432
1753360026.276016474,46,10455
1753360026.282742023,28,10434
1753360026.296481133,46,10456
1753360026.302672386,28,10435
1753360026.316367149,46,10458
1753360026.322921991,28,10437
1753360026.339431763,46,10460
1753360026.342690229,28,10439
1753360026.356204510,46,10462
1753360026.362485409,28,10441
1753360026.375564575,46,10464
1753360026.382504463,28,10443
1753360026.396186590,46,10465
1753360026.402469635,28,10445
1753360026.415575743,46,10467
1753360026.422445774,28,10446
1753360026.435463905,46,10469
1753360026.442967653,28,10448
1753360026.455459356,46,10471
1753360026.462330341,28,10450
1753360026.475725889,46,10472
1753360026.482382536,28,10452
1753360026.495317459,46,10474
1753360026.502329588,28,10453
1753360026.515343428,46,10476
1753360026.522314548,28,10455
1753360026.535279274,46,10478
1753360026.542222261,28,10457
1753360026.555218220,46,10479
1753360026.562220335,28,10459
1753360026.575190783,46,10481
1753360026.582201004,28,10460
1753360026.595471621,46,10483
1753360026.602560520,28,10462
1753360026.615214348,46,10484
1753360026.622161388,28,10464
1753360026.635217428,46,10486
1753360026.642255068,28,10465
1753360026.655093193,46,10487
1753360026.662601233,28,10467
1753360026.674954891,46,10489
1753360026.682160139,28,10469
1753360026.694849253,46,10491
1753360026.702223301,28,10470
1753360026.714814663,46,10492
1753360026.722114801,28,10472
1753360026.735192060,46,10494
1753360026.742052078,28,10473
1753360026.754928589,46,10496
1753360026.762170076,28,10475
1753360026.774686575,46,10497
1753360026.781957150,28,10477
1753360026.794732571,46,10499
1753360026.801839590,28,10478
1753360026.815420389,46,10500
1753360026.821882486,28,10480
1753360026.834509373,46,10502
1753360026.841878891,28,10481
1753360026.854480267,46,10503
1753360026.861740351,28,10483
1753360026.874430418,46,10505
1753360026.881760359,28,10484
1753360026.894421577,46,10506
1753360026.901743650,28,10486
1753360026.914570332,46,10508
1753360026.921884775,28,10488
1753360026.934351206,46,10509
1753360026.942937136,28,10489
1753360026.954258442,46,10511
1753360026.961554289,28,10491
1753360026.974441290,46,10512
1753360026.981565237,28,10492
1753360026.994165421,46,10514
1753360027.001519442,28,10494
1753360027.014247656,46,10515
1753360027.021409035,28,10495
1753360027.034077168,46,10517
1753360027.041366577,28,10497
1753360027.054014206,46,10518
1753360027.061381340,28,10498
1753360027.073984146,46,10520
1753360027.081358194,28,10500
1753360027.095253706,46,10521
1753360027.101783752,28,10501
1753360027.113889217,46,10522
1753360027.121202707,28,10502
1753360027.133904219,46,10524
1753360027.141259432,28,10504
1753360027.153745890,46,10525
1753360027.161259890,28,10505
1753360027.173682690,46,10527
1753360027.181197166,28,10507
1753360027.193737984,46,10528
1753360027.201070547,28,10508
1753360027.213682413,46,10529
1753360027.221160412,28,10510
1753360027.234437466,46,10531
1753360027.241079092,28,10511
1753360027.253717184,46,10532
1753360027.261290073,28,10512
1753360027.273496389,46,10534
1753360027.281172037,28,10514
1753360027.293500900,46,10535
1753360027.301056623,28,10515
1753360027.313688040,46,10536
1753360027.321450949,28,10516
1753360027.333377123,46,10537
1753360027.341029167,28,10518
1753360027.354012012,46,10539
1753360027.360916376,28,10519
1753360027.373345852,46,10540
1753360027.380961895,28,10520
1753360027.393190622,46,10541
1753360027.400851965,28,10522
1753360027.413223743,46,10543
1753360027.421032429,28,10523
1753360027.433177710,46,10544
1753360027.441504955,28,10524
1753360027.453324318,46,10545
1753360027.460754395,28,10526
1753360027.473202705,46,10546
1753360027.480886698,28,10527
1753360027.492980957,46,10548
1753360027.500867367,28,10528
1753360027.513427019,46,10549
1753360027.520615339,28,10529
1753360027.533061981,46,10550
1753360027.540626526,28,10531
1753360027.552869797,46,10551
1753360027.560810089,28,10532
1753360027.573258162,46,10553
1753360027.580476046,28,10533
1753360027.592948198,46,10554
1753360027.601130247,28,10534
1753360027.612700939,46,10555
1753360027.620367289,28,10536
1753360027.632625818,46,10556
1753360027.640442610,28,10537
1753360027.652614117,46,10557
1753360027.660764694,28,10538
1753360027.672693491,46,10558
1753360027.680270910,28,10539
1753360027.692815304,46,10560
1753360027.700268745,28,10540
1753360027.712422371,46,10561
1753360027.720178604,28,10541
1753360027.732606411,46,10562
1753360027.740154743,28,10542
1753360027.752379656,46,10563
1753360027.760963440,28,10543
1753360027.772251844,46,10564
1753360027.780135870,28,10545
1753360027.793222189,46,10565
1753360027.800082922,28,10546
1753360027.812200785,46,10566
1753360027.820312977,28,10547
1753360027.832115173,46,10567
1753360027.839978456,28,10548
1753360027.852406740,46,10568
1753360027.859944344,28,10549
1753360027.872154951,46,10570
1753360027.880068779,28,10550
1753360027.891962290,46,10571
1753360027.899898767,28,10551
1753360027.912097216,46,10572
1753360027.920192480,28,10552
1753360027.931988955,46,10573
1753360027.940356016,28,10553
1753360027.951975346,46,10574
1753360027.959794760,28,10554
1753360027.972007990,46,10575
1753360027.980330229,28,10555
1753360027.991846323,46,10576
1753360027.999912262,28,10556
1753360028.011819124,46,10577
1753360028.019635677,28,10557
1753360028.031750441,46,10578
1753360028.039590359,28,10558
1753360028.051610947,46,10579
1753360028.059673309,28,10559
1753360028.071620464,46,10579
1753360028.079561949,28,10560
1753360028.091659069,46,10580
1753360028.099664688,28,10561
1753360028.111523867,46,10581
1753360028.119439602,28,10562
1753360028.131505728,46,10582
1753360028.139549017,28,10563
1753360028.151465893,46,10583
1753360028.159497499,28,10563
1753360028.171406746,46,10584
1753360028.179410696,28,10564
1753360028.191392660,46,10585
1753360028.199328184,28,10565
1753360028.211714268,46,10586
1753360028.219368458,28,10566
1753360028.231410742,46,10587
1753360028.239250660,28,10567
1753360028.251372099,46,10588
1753360028.259271145,28,10568
1753360028.271250963,46,10588
1753360028.279216528,28,10569
1753360028.291506290,46,10589
1753360028.299125195,28,10570
1753360028.311095238,46,10590
1753360028.319276094,28,10570
1753360028.331004858,46,10591
1753360028.339039564,28,10571
1753360028.351249695,46,10592
1753360028.359014511,28,10572
1753360028.371211529,46,10593
1753360028.379273176,28,10573
1753360028.390849352,46,10593
1753360028.398997784,28,10574
1753360028.410831213,46,10594
1753360028.419169426,28,10574
1753360028.430804968,46,10595
1753360028.439107180,28,10575
1753360028.451135635,46,10596
1753360028.458821774,28,10576
1753360028.470692635,46,10596
1753360028.479013205,28,10577
1753360028.490675688,46,10597
1753360028.498847723,28,10577
1753360028.510763884,46,10598
1753360028.518765450,28,10578
1753360028.530632257,46,10599
1753360028.539572239,28,10579
1753360028.550482750,46,10599
1753360028.558721066,28,10580
1753360028.570606947,46,10600
1753360028.578703165,28,10580
1753360028.590348244,46,10601
1753360028.598723412,28,10581
1753360028.610373259,46,10602
1753360028.618684530,28,10582
1753360028.630842686,46,10602
1753360028.638820171,28,10582
1753360028.650322914,46,10603
1753360028.658477306,28,10583
1753360028.670486450,46,10603
1753360028.678594351,28,10584
1753360028.690190315,46,10604
1753360028.699132919,28,10584
1753360028.710907459,46,10605
1753360028.718629837,28,10585
1753360028.730412006,46,10605
1753360028.738297701,28,10585
1753360028.750053406,46,10606
1753360028.759155512,28,10586
1753360028.769916058,46,10607
1753360028.778211594,28,10587
1753360028.789906502,46,10607
1753360028.798211098,28,10587
1753360028.810157061,46,10608
1753360028.818364859,28,10588
1753360028.829848766,46,10608
1753360028.838251829,28,10588
1753360028.850334883,46,10609
1753360028.858297348,28,10589
1753360028.869681120,46,10610
1753360028.878254890,28,10589
1753360028.889707088,46,10610
1753360028.898063660,28,10590
1753360028.909701347,46,10611
1753360028.917967796,28,10590
1753360028.929620504,46,10611
1753360028.938045025,28,10591
1753360028.949513435,46,10612
1753360028.957921028,28,10591
1753360028.969592810,46,10612
1753360028.978847027,28,10592
1753360028.989438057,46,10613
1753360028.997948885,28,10592
1753360029.009593010,46,10613
1753360029.017789364,28,10593
1753360029.029341221,46,10614
1753360029.037758350,28,10593
1753360029.049300194,46,10614
1753360029.057722807,28,10594
1753360029.069278002,46,10615
1753360029.077681303,28,10594
1753360029.089230061,46,10615
1753360029.097625494,28,10595
1753360029.109220028,46,10615
1753360029.117645502,28,10595
1753360029.130105972,46,10616
1753360029.137928486,28,10595
1753360029.149026632,46,10616
1753360029.157657862,28,10596
1753360029.169175625,46,10617
1753360029.177519083,28,10596
1753360029.188968897,46,10617
1753360029.197524786,28,10597
1753360029.208915472,46,10618
1753360029.217636347,28,10597
1753360029.229239702,46,10618
1753360029.237363338,28,10597
1753360029.248852730,46,10618
1753360029.257530212,28,10598
1753360029.268698931,46,10619
1753360029.277222872,28,10598
1753360029.289006710,46,10619
1753360029.297179937,28,10598
1753360029.308611393,46,10619
1753360029.317312956,28,10599
1753360029.328609705,46,10620
1753360029.337371826,28,10599
1753360029.348780632,46,10620
1753360029.357494831,28,10599
1753360029.368552208,46,10620
1753360029.377390385,28,10600
1753360029.388475180,46,10621
1753360029.397122383,28,10600
1753360029.408500433,46,10621
1753360029.417463541,28,10600
1753360029.428400040,46,10621
1753360029.437156916,28,10600
1753360029.448410988,46,10622
1753360029.457077265,28,10601
1753360029.468455791,46,10622
1753360029.477122545,28,10601
1753360029.488229990,46,10622
1753360029.497188330,28,10601
1753360029.508404970,46,10622
1753360029.517041683,28,10601
1753360029.528225899,46,10623
1753360029.537121773,28,10602
1753360029.548163176,46,10623
1753360029.556882858,28,10602
1753360029.568246126,46,10623
1753360029.577461004,28,10602
1753360029.587966919,46,10623
1753360029.596833229,28,10602
1753360029.607938051,46,10624
1753360029.616736650,28,10603
1753360029.627879620,46,10624
1753360029.636682272,28,10603
1753360029.647811890,46,10624
1753360029.656975031,28,10603
1753360029.667906284,46,10624
1753360029.676625490,28,10603
1753360029.687710524,46,10624
1753360029.696614981,28,10603
1753360029.707800150,46,10624
1753360029.716551542,28,10603
1753360029.727863550,46,10624
1753360029.736961842,28,10603
1753360029.747640848,46,10625
1753360029.756698370,28,10603
1753360029.768328428,46,10625
1753360029.776416302,28,10603
1753360029.787519455,46,10625
1753360029.797238111,28,10604
1753360029.807483673,46,10625
1753360029.816372395,28,10604
1753360029.827422619,46,10625
1753360029.836294889,28,10604
1753360029.847416639,46,10625
1753360029.856610298,28,10604
1753360029.867326736,46,10625
1753360029.876296043,28,10604
1753360029.887593746,46,10625
1753360029.896188259,28,10604
1753360029.907303572,46,10625
1753360029.916281462,28,10604
1753360029.927214861,46,10625
1753360029.936077595,28,10604
1753360029.947333813,46,10625
1753360029.956182480,28,10604
1753360029.967163801,46,10625
1753360029.976385593,28,10604
1753360029.988112211,46,10625
1753360029.996005297,28,10604
1753360030.007207870,46,10625
1753360030.016654730,28,10604
1753360030.026984215,46,10625
1753360030.035981655,28,10604
1753360030.047246218,46,10625
1753360030.056348085,28,10604
1753360030.067323923,46,10625
1753360030.075982332,28,10604
1753360030.086807728,46,10625
1753360030.095794201,28,10604
1753360030.107100725,46,10625
1753360030.115905046,28,10604
1753360030.126725197,46,10625
1753360030.135868788,28,10604
1753360030.146697044,46,10625
1753360030.155751705,28,10604
1753360030.166829109,46,10625
1753360030.175635099,28,10604
1753360030.186610937,46,10625
1753360030.196128368,28,10604
1753360030.206524849,46,10625
1753360030.215638638,28,10604
1753360030.226856709,46,10625
1753360030.236081600,28,10604
1753360030.246496201,46,10625
1753360030.255732059,28,10604
1753360030.266736031,46,10625
1753360030.275519371,28,10604
1753360030.286479950,46,10625
1753360030.295484304,28,10604
1753360030.306316137,46,10625
1753360030.315582752,28,10604
1753360030.326330185,46,10625
1753360030.335598946,28,10604
1753360030.346319437,46,10625
1753360030.355678797,28,10604
1753360030.366231203,46,10625
1753360030.375433207,28,10604
1753360030.386322737,46,10625
1753360030.395200253,28,10604
1753360030.406339169,46,10625
1753360030.415397644,28,10604
1753360030.426050186,46,10625
1753360030.435220480,28,10604
1753360030.445968866,46,10625
1753360030.455116034,28,10604
1753360030.465903521,46,10625
1753360030.475466728,28,10604
1753360030.485870123,46,10625
1753360030.495029211,28,10604
1753360030.506268740,46,10625
1753360030.515118599,28,10604
1753360030.525831461,46,10625
1753360030.535031557,28,10604
1753360030.545874596,46,10625
1753360030.554864645,28,10604
1753360030.565744877,46,10625
1753360030.574937582,28,10604
1753360030.585618734,46,10625
1753360030.594837427,28,10604
1753360030.605778217,46,10625
1753360030.614827633,28,10604
1753360030.625633955,46,10625
1753360030.635178328,28,10604
1753360030.645514488,46,10625
1753360030.654778957,28,10604
1753360030.665782928,46,10625
1753360030.675206423,28,10604
1753360030.685379267,46,10625
1753360030.694834232,28,10604
1753360030.705521345,46,10625
1753360030.714616299,28,10604
1753360030.725378990,46,10625
1753360030.734920502,28,10604
1753360030.745388031,46,10625
1753360030.754711866,28,10604
1753360030.765677452,46,10625
1753360030.774586916,28,10604
1753360030.785833120,46,10624
1753360030.794609308,28,10603
1753360030.805127859,46,10624
1753360030.814714670,28,10603
1753360030.825269222,46,10624
1753360030.834416151,28,10603
1753360030.845080376,46,10624
1753360030.854701996,28,10603
1753360030.865007401,46,10624
1753360030.874349117,28,10603
1753360030.885620594,46,10624
1753360030.894456625,28,10603
1753360030.904922724,46,10624
1753360030.914281368,28,10603
1753360030.928346634,46,10624
1753360030.934302092,28,10603
1753360030.944770098,46,10624
1753360030.954158306,28,10603
1753360030.964711666,46,10624
1753360030.974276304,28,10602
1753360030.984859228,46,10623
1753360030.994075537,28,10602
1753360031.004971981,46,10623
1753360031.014089823,28,10602
1753360031.024620056,46,10623
1753360031.034101009,28,10602
1753360031.045193195,46,10623
1753360031.053973913,28,10602
1753360031.064701080,46,10623
1753360031.073944092,28,10602
1753360031.084417820,46,10622
1753360031.093875885,28,10601
1753360031.104427099,46,10622
1753360031.113809109,28,10601
1753360031.124318123,46,10622
1753360031.133736134,28,10601
1753360031.144508600,46,10622
1753360031.153818607,28,10601
1753360031.164364100,46,10621
1753360031.174044371,28,10600
1753360031.184414625,46,10621
1753360031.193842649,28,10600
1753360031.204655886,46,10621
1753360031.214394093,28,10600
1753360031.224230766,46,10621
1753360031.233909845,28,10600
1753360031.244140387,46,10620
1753360031.253859043,28,10599
1753360031.264177322,46,10620
1753360031.273553133,28,10599
1753360031.284053326,46,10620
1753360031.293586016,28,10599
1753360031.303892136,46,10619
1753360031.313427687,28,10598
1753360031.324687243,46,10619
1753360031.333428621,28,10598
1753360031.343904734,46,10619
1753360031.353586674,28,10598
1753360031.363745451,46,10618
1753360031.373320818,28,10597
1753360031.383937836,46,10618
1753360031.393784523,28,10597
1753360031.404119492,46,10618
1753360031.413392067,28,10596
1753360031.424383402,46,10617
1753360031.433244705,28,10596
1753360031.443922758,46,10617
1753360031.453208685,28,10596
1753360031.463530540,46,10616
1753360031.473194599,28,10595
1753360031.483895302,46,10616
1753360031.493045330,28,10595
1753360031.503428698,46,10616
1753360031.513228655,28,10594
1753360031.523349762,46,10615
1753360031.532992840,28,10594
1753360031.543478966,46,10615
1753360031.552959442,28,10594
1753360031.563621998,46,10614
1753360031.573101997,28,10593
1753360031.583234549,46,10614
1753360031.592951298,28,10593
1753360031.603566170,46,10613
1753360031.613053799,28,10592
1753360031.623224497,46,10613
1753360031.633160353,28,10592
1753360031.643339872,46,10612
1753360031.652773142,28,10591
1753360031.663379192,46,10612
1753360031.672820330,28,10591
1753360031.683500528,46,10611
1753360031.692895174,28,10590
1753360031.703063488,46,10611
1753360031.712637663,28,10590
1753360031.723124981,46,10610
1753360031.732870340,28,10589
1753360031.743019819,46,10610
1753360031.752658844,28,10589
1753360031.763148785,46,10609
1753360031.772554398,28,10588
1753360031.782870293,46,10609
1753360031.792619467,28,10588
1753360031.802751303,46,10608
1753360031.812521458,28,10587
1753360031.822988033,46,10608
1753360031.832629204,28,10586
1753360031.842637539,46,10607
1753360031.852577686,28,10586
1753360031.862809896,46,10606
1753360031.872616768,28,10585
1753360031.882665396,46,10606
1753360031.892513514,28,10585
1753360031.902547598,46,10605
1753360031.912357330,28,10584
1753360031.922525406,46,10605
1753360031.932206869,28,10583
1753360031.942404509,46,10604
1753360031.952222824,28,10583
1753360031.962391138,46,10603
1753360031.972124100,28,10582
1753360031.982276440,46,10603
1753360031.992101192,28,10581
1753360032.002263069,46,10602
1753360032.012378693,28,10581
1753360032.022173643,46,10601
1753360032.032032967,28,10580
1753360032.042257309,46,10601
1753360032.052176237,28,10579
1753360032.062277317,46,10600
1753360032.072337389,28,10579
1753360032.082134724,46,10599
1753360032.091874123,28,10578
1753360032.101994753,46,10599
1753360032.112053156,28,10577
1753360032.121950150,46,10598
1753360032.132019997,28,10576
1753360032.142067909,46,10597
1753360032.151811600,28,10576
1753360032.162387609,46,10596
1753360032.171815395,28,10575
1753360032.181784868,46,10596
1753360032.191762924,28,10574
1753360032.201951027,46,10595
1753360032.211630106,28,10574
1753360032.221713781,46,10594
1753360032.231820822,28,10573
1753360032.241736174,46,10593
1753360032.251800299,28,10572
1753360032.261848688,46,10593
1753360032.271560669,28,10571
1753360032.281597853,46,10592
1753360032.292240620,28,10570
1753360032.301736116,46,10591
1753360032.311461687,28,10569
1753360032.322056770,46,10590
1753360032.331603050,28,10569
1753360032.341431141,46,10590
1753360032.352145910,28,10568
1753360032.361517906,46,10589
1753360032.371342421,28,10567
1753360032.382232666,46,10588
1753360032.391390324,28,10566
1753360032.401286364,46,10587
1753360032.411294937,28,10565
1753360032.421252251,46,10586
1753360032.431197643,28,10564
1753360032.441188574,46,10585
1753360032.451413870,28,10564
1753360032.461134434,46,10584
1753360032.471165895,28,10563
1753360032.481092691,46,10584
1753360032.491101027,28,10562
1753360032.501159430,46,10583
1753360032.511171103,28,10561
1753360032.521219492,46,10582
1753360032.531158924,28,10560
1753360032.542151690,46,10581
1753360032.551230907,28,10559
1753360032.560957193,46,10580
1753360032.571800470,28,10558
1753360032.581207037,46,10579
1753360032.590962648,28,10557
1753360032.600890398,46,10578
1753360032.611848593,28,10556
1753360032.620809078,46,10577
1753360032.630881071,28,10555
1753360032.640764236,46,10576
1753360032.650842428,28,10554
1753360032.660752535,46,10575
1753360032.671426773,28,10553
1753360032.680647612,46,10574
1753360032.690746069,28,10552
1753360032.700677633,46,10573
1753360032.710752010,28,10551
1753360032.720526695,46,10572
1753360032.730747700,28,10550
1753360032.740878582,46,10571
1753360032.750652075,28,10549
1753360032.760494709,46,10570
1753360032.770620108,28,10548
1753360032.780378103,46,10569
1753360032.791171789,28,10547
1753360032.800392389,46,10568
1753360032.810507536,28,10546
1753360032.820416689,46,10567
1753360032.830689907,28,10545
1753360032.840223551,46,10566
1753360032.850512028,28,10544
1753360032.860439301,46,10565
1753360032.870385170,28,10542
1753360032.880253792,46,10564
1753360032.891210556,28,10541
1753360032.900123596,46,10562
1753360032.910321474,28,10540
1753360032.920095444,46,10561
1753360032.930283546,28,10539
1753360032.940119028,46,10560
1753360032.950322151,28,10538
1753360032.960028410,46,10559
1753360032.970263481,28,10537
1753360032.979923487,46,10558
1753360032.990187407,28,10536
1753360032.999920845,46,10557
1753360033.011106253,28,10535
1753360033.019906282,46,10556
1753360033.030434370,28,10533
1753360033.040034294,46,10555
1753360033.050523996,28,10532
1753360033.060175180,46,10553
1753360033.070311069,28,10531
1753360033.079873323,46,10552
1753360033.090146780,28,10530
1753360033.100074053,46,10551
1753360033.110226870,28,10529
1753360033.119654655,46,10550
1753360033.130156279,28,10527
1753360033.139640570,46,10549
1753360033.150134563,28,10526
1753360033.159477949,46,10547
1753360033.169938087,28,10525
1753360033.179589748,46,10546
1753360033.189969778,28,10524
1753360033.199612141,46,10545
1753360033.210239649,28,10522
1753360033.219405890,46,10544
1753360033.230129957,28,10521
1753360033.239590645,46,10543
1753360033.249974012,28,10520
1753360033.259282827,46,10541
1753360033.270023584,28,10519
1753360033.279259682,46,10540
1753360033.290452003,28,10517
1753360033.299207211,46,10539
1753360033.309782028,28,10516
1753360033.319213152,46,10537
1753360033.329709291,28,10515
1753360033.339085102,46,10536
1753360033.350318193,28,10513
1753360033.359115124,46,10535
1753360033.369705677,28,10512
1753360033.379017830,46,10533
1753360033.390150070,28,10511
1753360033.398971796,46,10532
1753360033.409578562,28,10509
1753360033.418967009,46,10531
1753360033.429940462,28,10508
1753360033.439404011,46,10529
1753360033.450247765,28,10507
1753360033.459461212,46,10528
1753360033.469574451,28,10505
1753360033.479040623,46,10527
1753360033.489449739,28,10504
1753360033.498665810,46,10525
1753360033.509964228,28,10502
1753360033.518663883,46,10524
1753360033.529293060,28,10501
1753360033.538790464,46,10522
1753360033.549218655,28,10500
1753360033.558557510,46,10521
1753360033.569341183,28,10498
1753360033.578676701,46,10519
1753360033.589192390,28,10497
1753360033.598946333,46,10518
1753360033.609353304,28,10495
1753360033.618418694,46,10517
1753360033.629160643,28,10494
1753360033.638648987,46,10515
1753360033.649170399,28,10492
1753360033.658415079,46,10514
1753360033.669565916,28,10491
1753360033.678327799,46,10512
1753360033.689013481,28,10489
1753360033.698450804,46,10511
1753360033.709179401,28,10488
1753360033.718315363,46,10509
1753360033.729126453,28,10486
1753360033.738183975,46,10508
1753360033.748919964,28,10485
1753360033.758460999,46,10506
1753360033.769234180,28,10483
1753360033.778061628,46,10505
1753360033.788883924,28,10482
1753360033.798007727,46,10503
1753360033.808997631,28,10480
1753360033.818066597,46,10502
1753360033.829066277,28,10479
1753360033.837992907,46,10500
1753360033.848755360,28,10477
1753360033.857936859,46,10498
1753360033.868799925,28,10475
1753360033.877930641,46,10497
1753360033.889248848,28,10474
1753360033.897755861,46,10495
1753360033.908568621,28,10472
1753360033.918233156,46,10494
1753360033.928759575,28,10470
1753360033.937643528,46,10492
1753360033.948619366,28,10469
1753360033.957799435,46,10490
1753360033.968453646,28,10467
1753360033.978121758,46,10489
1753360033.988990545,28,10465
1753360033.997520447,46,10487
1753360034.008377552,28,10464
1753360034.017816782,46,10485
1753360034.028430700,28,10462
1753360034.037486553,46,10484
1753360034.048868179,28,10461
1753360034.057513475,46,10482
1753360034.068243504,28,10459
1753360034.077596426,46,10480
1753360034.088270187,28,10457
1753360034.098308563,46,10479
1753360034.108392000,28,10455
1753360034.117588043,46,10477
1753360034.128299713,28,10454
1753360034.137276173,46,10475
1753360034.148298740,28,10452
1753360034.157163382,46,10474
1753360034.168121338,28,10450
1753360034.177179575,46,10472
1753360034.188076973,28,10448
1753360034.197210073,46,10470
1753360034.208190680,28,10446
1753360034.217185020,46,10468
1753360034.227955103,28,10445
1753360034.237081051,46,10467
1753360034.247949600,28,10443
1753360034.256905794,46,10465
1753360034.268176794,28,10441
1753360034.277155638,46,10463
1753360034.287863970,28,10439
1753360034.296999693,46,10461
1753360034.308128834,28,10437
1753360034.316767693,46,10460
1753360034.327760935,28,10436
1753360034.337084532,46,10458
1753360034.347797871,28,10434
1753360034.356670141,46,10456
1753360034.367941380,28,10432
1753360034.376623154,46,10454
1753360034.388672590,28,10430
1753360034.396881104,46,10452
1753360034.407555103,28,10428
1753360034.416635275,46,10451
1753360034.428341866,28,10426
1753360034.436506033,46,10449
1753360034.447517157,28,10424
1753360034.456651449,46,10447
1753360034.467516422,28,10422
1753360034.476335049,46,10445
1753360034.487658024,28,10420
1753360034.496605396,46,10443
1753360034.507395983,28,10419
1753360034.516304970,46,10441
1753360034.527726173,28,10417
1753360034.536248207,46,10439
1753360034.547877789,28,10415
1753360034.556345940,46,10437
1753360034.567287922,28,10413
1753360034.576140881,46,10435
1753360034.587464094,28,10411
1753360034.596142769,46,10433
1753360034.607190371,28,10409
1753360034.616277218,46,10432
1753360034.627183199,28,10407
1753360034.635958433,46,10430
1753360034.647509575,28,10405
1753360034.655987501,46,10428
1753360034.667311192,28,10403
1753360034.676035166,46,10426
1753360034.687078238,28,10401
1753360034.695981264,46,10424
1753360034.707685709,28,10399
1753360034.716617107,46,10422
1753360034.726970196,28,10397
1753360034.736662626,46,10420
1753360034.747148037,28,10395
1753360034.755767584,46,10418
1753360034.767058611,28,10393
1753360034.775691032,46,10416
1753360034.786955595,28,10391
1753360034.795912981,46,10414
1753360034.807034969,28,10389
1753360034.815793514,46,10412
1753360034.826992989,28,10387
1753360034.835736752,46,10410
1753360034.846862555,28,10385
1753360034.855576038,46,10408
1753360034.867115498,28,10382
1753360034.875554800,46,10406
1753360034.886720419,28,10380
1753360034.895511150,46,10403
1753360034.906690836,28,10378
1753360034.915472269,46,10401
1753360034.926955223,28,10376
1753360034.935266256,46,10399
1753360034.946768522,28,10374
1753360034.955368280,46,10397
1753360034.966916084,28,10372
1753360034.975260496,46,10395
1753360034.986648560,28,10370
1753360034.995240211,46,10393
1753360035.006564140,28,10368
1753360035.015111923,46,10391
1753360035.026505232,28,10365
1753360035.035069227,46,10389
1753360035.046463728,28,10363
1753360035.055313587,46,10387
1753360035.066597462,28,10361
1753360035.074959278,46,10384
1753360035.086454153,28,10359
1753360035.094952822,46,10382
1753360035.106416464,28,10357
1753360035.115407467,46,10380
1753360035.126404762,28,10354
1753360035.134858847,46,10378
1753360035.146772146,28,10352
1753360035.155271769,46,10376
1753360035.166347504,28,10350
1753360035.174783945,46,10374
1753360035.186319590,28,10348
1753360035.194643021,46,10371
1753360035.206207275,28,10346
1753360035.214659691,46,10369
1753360035.226172209,28,10343
1753360035.234555721,46,10367
1753360035.246377707,28,10341
1753360035.254505634,46,10365
1753360035.266125202,28,10339
1753360035.274729729,46,10362
1753360035.286276340,28,10336
1753360035.294659376,46,10360
1753360035.306386709,28,10334
1753360035.314440727,46,10358
1753360035.326012373,28,10332
1753360035.334741592,46,10355
1753360035.345954895,28,10329
1753360035.354377270,46,10353
1753360035.366643906,28,10327
1753360035.374252796,46,10351
1753360035.386029720,28,10325
1753360035.394396305,46,10348
1753360035.406167030,28,10322
1753360035.414284229,46,10346
1753360035.425874710,28,10320
1753360035.434277296,46,10344
1753360035.446003914,28,10318
1753360035.454332829,46,10341
1753360035.465978384,28,10315
1753360035.474141836,46,10339
1753360035.485784531,28,10313
1753360035.494289398,46,10337
1753360035.505787373,28,10310
1753360035.513981581,46,10334
1753360035.525710583,28,10308
1753360035.533895493,46,10332
1753360035.546017170,28,10305
1753360035.554031610,46,10329
1753360035.565611124,28,10303
1753360035.573749781,46,10327
1753360035.585572243,28,10300
1753360035.593873501,46,10325
1753360035.605526686,28,10298
1753360035.613744020,46,10322
1753360035.625547409,28,10296
1753360035.633968592,46,10320
1753360035.645693302,28,10293
1753360035.653800726,46,10317
1753360035.665482044,28,10290
1753360035.673755646,46,10315
1753360035.685622215,28,10288
1753360035.693437815,46,10312
1753360035.705469370,28,10285
1753360035.713768721,46,10310
1753360035.725413561,28,10283
1753360035.733474731,46,10307
1753360035.745663404,28,10280
1753360035.753345251,46,10305
1753360035.765432358,28,10278
1753360035.773328781,46,10302
1753360035.785275936,28,10275
1753360035.793298006,46,10300
1753360035.805238962,28,10273
1753360035.813242912,46,10297
1753360035.825192451,28,10270
1753360035.833454847,46,10295
1753360035.845082283,28,10268
1753360035.853165388,46,10292
1753360035.865313768,28,10265
1753360035.873117924,46,10290
1753360035.885119915,28,10262
1753360035.893221855,46,10287
1753360035.905139923,28,10260
1753360035.913187027,46,10285
1753360035.925186157,28,10257
1753360035.933243036,46,10282
1753360035.944928408,28,10254
1753360035.952943802,46,10279
1753360035.965500355,28,10252
1753360035.972857237,46,10277
1753360035.984894276,28,10249
1753360035.992994070,46,10274
1753360036.005360365,28,10247
1753360036.012827873,46,10272
1753360036.025031090,28,10244
1753360036.032675266,46,10269
1753360036.044656277,28,10241
1753360036.052601337,46,10267
1753360036.064690113,28,10239
1753360036.072724342,46,10264
1753360036.085226297,28,10236
1753360036.092721701,46,10261
1753360036.104662180,28,10233
1753360036.112570524,46,10258
1753360036.124700308,28,10231
1753360036.132555008,46,10256
1753360036.145058155,28,10228
1753360036.152597189,46,10253
1753360036.164491177,28,10225
1753360036.172416925,46,10250
1753360036.184641600,28,10222
1753360036.192337036,46,10248
1753360036.204445601,28,10220
1753360036.212467909,46,10245
1753360036.224368572,28,10217
1753360036.232330799,46,10242
1753360036.244416237,28,10214
1753360036.252593994,46,10240
1753360036.264279366,28,10211
1753360036.272521257,46,10237
1753360036.284162998,28,10209
1753360036.292139053,46,10234
1753360036.304266691,28,10206
1753360036.312087774,46,10231
1753360036.324229956,28,10203
1753360036.332345963,46,10228
1753360036.344133139,28,10200
1753360036.352054596,46,10226
1753360036.364270926,28,10197
1753360036.372016191,46,10223
1753360036.384152889,28,10194
1753360036.392039776,46,10220
1753360036.404320955,28,10192
1753360036.411897659,46,10217
1753360036.424001932,28,10189
1753360036.431954861,46,10214
1753360036.444096565,28,10186
1753360036.451892376,46,10212
1753360036.464592934,28,10183
1753360036.471652269,46,10209
1753360036.483942747,28,10180
1753360036.492116928,46,10206
1753360036.503843784,28,10177
1753360036.511648655,46,10203
1753360036.523992777,28,10174
1753360036.531524181,46,10200
1753360036.543859005,28,10171
1753360036.551518917,46,10197
1753360036.563991070,28,10168
1753360036.571438313,46,10194
1753360036.584270239,28,10165
1753360036.591755867,46,10191
1753360036.603753567,28,10162
1753360036.612292051,46,10188
1753360036.624010086,28,10159
1753360036.631280422,46,10185
1753360036.643833876,28,10156
1753360036.651289463,46,10182
1753360036.663579941,28,10153
1753360036.671278000,46,10179
1753360036.683758020,28,10150
1753360036.691126108,46,10177
1753360036.703595161,28,10147
1753360036.711445570,46,10173
1753360036.723855972,28,10144
1753360036.731028795,46,10171
1753360036.743939400,28,10141
1753360036.751189709,46,10168
1753360036.763439178,28,10138
1753360036.771630049,46,10165
1753360036.783637047,28,10135
1753360036.790995121,46,10162
1753360036.803739548,28,10132
1753360036.811185837,46,10159
1753360036.823461056,28,10129
1753360036.830844402,46,10156
1753360036.843508482,28,10126
1753360036.850716829,46,10153
1753360036.863311529,28,10123
1753360036.871027470,46,10150
1753360036.883308887,28,10120
1753360036.890671253,46,10146
1753360036.903810263,28,10116
1753360036.910596371,46,10143
1753360036.923176765,28,10113
1753360036.930879593,46,10140
1753360036.943140268,28,10110
1753360036.950496435,46,10137
1753360036.963129282,28,10107
1753360036.970573425,46,10134
1753360036.983186483,28,10104
1753360036.990393639,46,10131
1753360037.003071308,28,10101
1753360037.010395765,46,10128
1753360037.023007393,28,10098
1753360037.030780077,46,10125
1753360037.042966366,28,10095
1753360037.050246954,46,10122
1753360037.062973499,28,10091
1753360037.070195913,46,10119
1753360037.082867861,28,10088
1753360037.090344191,46,10115
1753360037.102947474,28,10085
1753360037.110249043,46,10112
1753360037.122862577,28,10082
1753360037.130088329,46,10109
1753360037.142976761,28,10079
1753360037.150170803,46,10106
1753360037.162729502,28,10075
1753360037.170212746,46,10103
1753360037.183010578,28,10072
1753360037.190005302,46,10099
1753360037.202666759,28,10069
1753360037.209923267,46,10096
1753360037.222563744,28,10066
1753360037.229811907,46,10093
1753360037.242523432,28,10062
1753360037.249764919,46,10090
1753360037.262629271,28,10059
1753360037.269788504,46,10087
1753360037.282651663,28,10056
1753360037.289710045,46,10083
1753360037.302513838,28,10052
1753360037.309951067,46,10080
1753360037.322721243,28,10049
1753360037.329692602,46,10077
1753360037.342584133,28,10046
1753360037.349543095,46,10073
1753360037.362521172,28,10042
1753360037.369514227,46,10070
1753360037.382411718,28,10039
1753360037.389575481,46,10067
1753360037.402467489,28,10036
1753360037.409471750,46,10064
1753360037.422687769,28,10032
1753360037.429570913,46,10060
1753360037.442419767,28,10029
1753360037.449392557,46,10057
1753360037.462480783,28,10025
1753360037.469574451,46,10053
1753360037.482276440,28,10022
1753360037.489471912,46,10050
1753360037.502815962,28,10019
1753360037.509186745,46,10047
1753360037.522247314,28,10015
1753360037.529226780,46,10043
1753360037.542329550,28,10012
1753360037.549511671,46,10040
1753360037.562150717,28,10008
1753360037.568989515,46,10037
1753360037.582278490,28,10005
1753360037.589020729,46,10033
1753360037.601949215,28,10001
1753360037.609454155,46,10030
1753360037.622146845,28,9998
1753360037.628927708,46,10026
1753360037.641904116,28,9994
1753360037.648916960,46,10023
1753360037.662222862,28,9991
1753360037.668878794,46,10019
1753360037.682013750,28,9987
1753360037.688722372,46,10016
1753360037.701886415,28,9984
1753360037.708696604,46,10013
1753360037.722072363,28,9980
1753360037.728722334,46,10009
1753360037.742599726,28,9977
1753360037.748743534,46,10006
1753360037.761684418,28,9973
1753360037.768657207,46,10002
1753360037.782168865,28,9970
1753360037.788476706,46,9999
1753360037.801976204,28,9966
1753360037.808495283,46,9995
1753360037.821625710,28,9963
1753360037.828403711,46,9992
1753360037.841713667,28,9959
1753360037.848366737,46,9988
1753360037.861720085,28,9956
1753360037.868466377,46,9985
1753360037.881448507,28,9952
1753360037.888253450,46,9981
1753360037.902160883,28,9948
1753360037.908696890,46,9977
1753360037.921394825,28,9945
1753360037.928491592,46,9974
1753360037.941612244,28,9941
1753360037.948094606,46,9970
1753360037.961390734,28,9937
1753360037.968124151,46,9967
1753360037.981230497,28,9934
1753360037.988224506,46,9963
1753360038.001884937,28,9930
1753360038.007980585,46,9960
1753360038.021177769,28,9927
1753360038.028193712,46,9956
1753360038.041102648,28,9923
1753360038.048206568,46,9952
1753360038.061171055,28,9919
1753360038.067897320,46,9949
1753360038.081173182,28,9915
1753360038.087945461,46,9945
1753360038.101023436,28,9912
1753360038.107878447,46,9941
1753360038.121253967,28,9908
1753360038.127782345,46,9938
1753360038.141026735,28,9904
1753360038.147910118,46,9934
1753360038.161050797,28,9900
1753360038.167777538,46,9930
1753360038.181130648,28,9897
1753360038.187730789,46,9927
1753360038.200893164,28,9893
1753360038.207572460,46,9923
1753360038.221131086,28,9889
1753360038.227556467,46,9919
1753360038.240781307,28,9885
1753360038.248584270,46,9915
1753360038.260718822,28,9882
1753360038.267450094,46,9912
1753360038.281504631,28,9878
1753360038.287375689,46,9908
1753360038.300719976,28,9874
1753360038.307791948,46,9904
1753360038.320596218,28,9870
1753360038.327312231,46,9900
1753360038.340847969,28,9866
1753360038.347471952,46,9897
1753360038.360610485,28,9862
1753360038.367299318,46,9893
1753360038.380816221,28,9858
1753360038.387051105,46,9889
1753360038.400681257,28,9855
1753360038.407567501,46,9885
1753360038.420410633,28,9851
1753360038.427062988,46,9881
1753360038.440454245,28,9847
1753360038.446946621,46,9878
1753360038.460659266,28,9843
1753360038.467041492,46,9874
1753360038.480293274,28,9839
1753360038.486985207,46,9870
1753360038.500646591,28,9836
1753360038.506798506,46,9867
1753360038.520424843,28,9832
1753360038.527091026,46,9863
1753360038.540170908,28,9828
1753360038.546748161,46,9859
1753360038.560885429,28,9824
1753360038.566821575,46,9856
1753360038.580063581,28,9821
1753360038.586597681,46,9852
1753360038.600585461,28,9817
1753360038.606573820,46,9848
1753360038.620154858,28,9813
1753360038.626754522,46,9844
1753360038.640009165,28,9810
1753360038.646563292,46,9841
1753360038.660300255,28,9806
1753360038.666477919,46,9837
1753360038.680282116,28,9802
1753360038.687027693,46,9834
1753360038.699866533,28,9799
1753360038.706292391,46,9830
1753360038.719893694,28,9795
1753360038.726330280,46,9826
1753360038.739806890,28,9791
1753360038.747117519,46,9823
1753360038.759766102,28,9788
1753360038.766217470,46,9819
1753360038.779916048,28,9784
1753360038.786474228,46,9816
1753360038.799719572,28,9780
1753360038.806342602,46,9812
1753360038.819661617,28,9777
1753360038.826109171,46,9808
1753360038.839674711,28,9773
1753360038.846627235,46,9805
1753360038.859547615,28,9770
1753360038.866306305,46,9801
1753360038.879838467,28,9766
1753360038.885860920,46,9798
1753360038.899523020,28,9762
1753360038.906277657,46,9794
1753360038.919723511,28,9759
1753360038.925928593,46,9791
1753360038.939715385,28,9755
1753360038.945764542,46,9787
1753360038.959489822,28,9752
1753360038.965689182,46,9784
1753360038.979301691,28,9748
1753360038.985781431,46,9780
1753360038.999625206,28,9745
1753360039.005905151,46,9777
1753360039.019202709,28,9741
1753360039.025684118,46,9773
1753360039.039168835,28,9738
1753360039.045592070,46,9770
1753360039.059296608,28,9734
1753360039.065586329,46,9767
1753360039.079255104,28,9731
1753360039.085418701,46,9763
1753360039.099108696,28,9727
1753360039.105359316,46,9760
1753360039.119126797,28,9724
1753360039.125446558,46,9756
1753360039.139020443,28,9720
1753360039.145355225,46,9753
1753360039.159748316,28,9717
1753360039.165297985,46,9749
1753360039.179320574,28,9713
1753360039.185261488,46,9746
1753360039.198869705,28,9710
1753360039.205214262,46,9743
1753360039.218895435,28,9707
1753360039.225756645,46,9739
1753360039.238857746,28,9703
1753360039.245145082,46,9736
1753360039.258803606,28,9700
1753360039.265055180,46,9733
1753360039.278809309,28,9696
1753360039.284951210,46,9729
1753360039.298669338,28,9693
1753360039.304879904,46,9726
1753360039.318743229,28,9690
1753360039.324981689,46,9723
1753360039.338980198,28,9686
1753360039.345095396,46,9719
1753360039.358857393,28,9683
1753360039.365287542,46,9716
1753360039.378764868,28,9680
1753360039.384775639,46,9713
1753360039.398602962,28,9676
1753360039.404748440,46,9710
1753360039.419090033,28,9673
1753360039.424573898,46,9706
1753360039.438528299,28,9670
1753360039.444576502,46,9703
1753360039.458306313,28,9667
1753360039.464744329,46,9700
1753360039.478290319,28,9663
1753360039.484629393,46,9697
1753360039.498476982,28,9660
1753360039.504648924,46,9693
1753360039.518234253,28,9657
1753360039.524478674,46,9690
1753360039.538308620,28,9654
1753360039.544412613,46,9687
1753360039.558460474,28,9650
1753360039.564340830,46,9684
1753360039.578257561,28,9647
1753360039.584270477,46,9681
1753360039.598252773,28,9644
1753360039.604223967,46,9678
1753360039.618240833,28,9641
1753360039.624344110,46,9674
1753360039.638251543,28,9637
1753360039.644464016,46,9671
1753360039.658307791,28,9634
1753360039.664299726,46,9668
1753360039.678223610,28,9631
1753360039.684335470,46,9665
1753360039.698011637,28,9628
1753360039.704016685,46,9662
1753360039.718142986,28,9625
1753360039.724011183,46,9659
1753360039.737959385,28,9621
1753360039.744690418,46,9656
1753360039.758099556,28,9618
1753360039.763993740,46,9652
1753360039.777901888,28,9615
1753360039.783959866,46,9649
1753360039.798359871,28,9612
1753360039.804367781,46,9646
1753360039.818449497,28,9609
1753360039.823700428,46,9643
1753360039.838471413,28,9606
1753360039.843695164,46,9640
1753360039.857711792,28,9603
1753360039.863716602,46,9637
1753360039.877918005,28,9600
1753360039.884377003,46,9634
1753360039.897683859,28,9597
1753360039.903529406,46,9631
1753360039.917515993,28,9593
1753360039.923553467,46,9628
1753360039.937641382,28,9590
1753360039.943685055,46,9625
1753360039.957561493,28,9587
1753360039.963371515,46,9622
1753360039.977918863,28,9584
1753360039.983361244,46,9619
1753360039.997751951,28,9581
1753360040.003597260,46,9616
1753360040.017408609,28,9578
1753360040.023280621,46,9613
1753360040.037526131,28,9575
1753360040.043270826,46,9610
1753360040.057278872,28,9572
1753360040.063496113,46,9607
1753360040.077270269,28,9569
1753360040.083178759,46,9604
1753360040.097194195,28,9566
1753360040.102978468,46,9601
1753360040.117190361,28,9563
1753360040.123199701,46,9598
1753360040.137156248,28,9560
1753360040.142961740,46,9595
1753360040.157304049,28,9557
1753360040.162958622,46,9593
1753360040.177243710,28,9555
1753360040.183568954,46,9590
1753360040.197751760,28,9552
1753360040.202874422,46,9587
1753360040.217527151,28,9549
1753360040.223766327,46,9584
1753360040.237115622,28,9546
1753360040.242886543,46,9581
1753360040.257124901,28,9543
1753360040.262637377,46,9578
1753360040.277166843,28,9540
1753360040.283132553,46,9575
1753360040.297106504,28,9537
1753360040.302794456,46,9573
1753360040.317289591,28,9534
1753360040.322829008,46,9570
1753360040.337265015,28,9532
1753360040.342606544,46,9567
1753360040.356858969,28,9529
1753360040.362391472,46,9564
1753360040.377082586,28,9526
1753360040.383183002,46,9561
1753360040.396816492,28,9523
1753360040.402519703,46,9559
1753360040.416973829,28,9520
1753360040.422214985,46,9556
1753360040.436755896,28,9517
1753360040.442447901,46,9553
1753360040.456677437,28,9515
1753360040.462155104,46,9550
1753360040.477104425,28,9512
1753360040.482242107,46,9548
1753360040.496714354,28,9509
1753360040.502551079,46,9545
1753360040.516542196,28,9506
1753360040.522013664,46,9542
1753360040.536794662,28,9504
1753360040.541949511,46,9540
1753360040.556530476,28,9501
1753360040.562166452,46,9537
1753360040.576448202,28,9498
1753360040.581848383,46,9534
1753360040.596521378,28,9495
1753360040.601862669,46,9531
1753360040.616407156,28,9493
1753360040.621753931,46,9529
1753360040.636381626,28,9490
1753360040.641761065,46,9526
1753360040.656824350,28,9487
1753360040.662012100,46,9523
1753360040.676292896,28,9485
1753360040.681717396,46,9521
1753360040.697107792,28,9482
1753360040.701620340,46,9518
1753360040.716301680,28,9479
1753360040.721756220,46,9516
1753360040.736161947,28,9477
1753360040.741599560,46,9513
1753360040.756380320,28,9474
1753360040.761445999,46,9510
1753360040.776200533,28,9471
1753360040.782308340,46,9508
1753360040.796089172,28,9469
1753360040.801412582,46,9505
1753360040.816467762,28,9466
1753360040.821422100,46,9502
1753360040.836094618,28,9463
1753360040.841291666,46,9500
1753360040.855907917,28,9461
1753360040.861189365,46,9497
1753360040.876222134,28,9458
1753360040.881358147,46,9495
1753360040.895857334,28,9456
1753360040.901133537,46,9492
1753360040.916258574,28,9453
1753360040.921084642,46,9490
1753360040.935980320,28,9451
1753360040.941648722,46,9487
1753360040.955737114,28,9448
1753360040.960945129,46,9485
1753360040.976052284,28,9445
1753360040.980916262,46,9482
1753360040.995831013,28,9443
1753360041.001041889,46,9480
1753360041.015612602,28,9440
1753360041.021478653,46,9477
1753360041.035831690,28,9438
1753360041.040859938,46,9475
1753360041.055638790,28,9435
1753360041.060818911,46,9473
1753360041.075520754,28,9433
1753360041.080768347,46,9470
1753360041.095590830,28,9431
1753360041.100695372,46,9467
1753360041.115540743,28,9428
1753360041.120578289,46,9465
1753360041.135529041,28,9426
1753360041.140650749,46,9463
1753360041.155663967,28,9423
1753360041.160768509,46,9460
1753360041.175504923,28,9421
1753360041.180525303,46,9458
1753360041.195470572,28,9418
1753360041.200428009,46,9456
1753360041.215420723,28,9416
1753360041.220424175,46,9453
1753360041.235311985,28,9413
1753360041.240374804,46,9451
1753360041.255680323,28,9411
1753360041.260235310,46,9448
1753360041.275304794,28,9409
1753360041.280206680,46,9446
1753360041.295154572,28,9406
1753360041.300215483,46,9444
1753360041.315202713,28,9404
1753360041.320167065,46,9442
1753360041.335055828,28,9402
1753360041.340066195,46,9439
1753360041.355123520,28,9399
1753360041.359990120,46,9437
1753360041.375122070,28,9397
1753360041.380074501,46,9435
1753360041.395093441,28,9395
1753360041.400243282,46,9432
1753360041.415110588,28,9392
1753360041.419867992,46,9430
1753360041.435264111,28,9390
1753360041.439991474,46,9428
1753360041.455095768,28,9388
1753360041.460325956,46,9426
1753360041.475202560,28,9386
1753360041.479799986,46,9423
1753360041.494911909,28,9383
1753360041.499766588,46,9421
1753360041.514749527,28,9381
1753360041.520390987,46,9419
1753360041.534846306,28,9379
1753360041.539730549,46,9417
1753360041.554734945,28,9377
1753360041.559579134,46,9414
1753360041.574678421,28,9374
1753360041.579494715,46,9412
1753360041.594811916,28,9372
1753360041.599679947,46,9410
1753360041.614686966,28,9370
1753360041.619466782,46,9408
1753360041.634520292,28,9368
1753360041.639320612,46,9406
1753360041.654562235,28,9365
1753360041.659445047,46,9403
1753360041.674530745,28,9363
1753360041.679645777,46,9401
1753360041.694782972,28,9361
1753360041.699215651,46,9399
1753360041.714449167,28,9359
1753360041.719366550,46,9397
1753360041.734395742,28,9357
1753360041.739154100,46,9395
1753360041.754591703,28,9355
1753360041.759157419,46,9393
1753360041.774314404,28,9353
1753360041.779075623,46,9391
1753360041.794292212,28,9350
1753360041.798954725,46,9389
1753360041.814234257,28,9348
1753360041.819213867,46,9387
1753360041.834180355,28,9346
1753360041.838904619,46,9384
1753360041.854494810,28,9344
1753360041.858865499,46,9382
1753360041.874150038,28,9342
1753360041.879266024,46,9380
1753360041.894208193,28,9340
1753360041.898720980,46,9378
1753360041.914435863,28,9338
1753360041.918671370,46,9376
1753360041.934223175,28,9336
1753360041.938886166,46,9374
1753360041.953945637,28,9334
1753360041.958587170,46,9372
1753360041.974287510,28,9332
1753360041.978641033,46,9370
1753360041.993989468,28,9330
1753360041.998739719,46,9368
1753360042.014069796,28,9327
1753360042.018527508,46,9366
1753360042.033963442,28,9326
1753360042.038690805,46,9364
1753360042.053863764,28,9323
1753360042.058447599,46,9362
1753360042.073984623,28,9321
1753360042.078356743,46,9360
1753360042.093926907,28,9320
1753360042.098321438,46,9358
1753360042.113698244,28,9318
1753360042.118298292,46,9356
1753360042.133670092,28,9316
1753360042.138160944,46,9354
1753360042.153629541,28,9314
1753360042.158227444,46,9353
1753360042.173721552,28,9312
1753360042.178157806,46,9351
1753360042.193786144,28,9310
1753360042.198195457,46,9349
1753360042.213599205,28,9308
1753360042.218253136,46,9347
1753360042.233441353,28,9306
1753360042.237974644,46,9345
1753360042.253781557,28,9304
1753360042.258094311,46,9343
1753360042.274007320,28,9302
1753360042.277911901,46,9341
1753360042.293316126,28,9300
1753360042.298084259,46,9339
1753360042.313419580,28,9298
1753360042.317964792,46,9338
1753360042.333410025,28,9297
1753360042.337788582,46,9336
1753360042.354686260,28,9295
1753360042.357698679,46,9334
1753360042.373490572,28,9293
1753360042.377830029,46,9332
1753360042.393274546,28,9291
1753360042.397643805,46,9330
1753360042.413594484,28,9289
1753360042.417612076,46,9328
1753360042.433257818,28,9287
1753360042.437703133,46,9327
1753360042.453114033,28,9286
1753360042.457479239,46,9325
1753360042.473321438,28,9284
1753360042.477458239,46,9323
1753360042.493168592,28,9282
1753360042.497395754,46,9322
1753360042.513091087,28,9280
1753360042.517345428,46,9320
1753360042.533199310,28,9279
1753360042.537832975,46,9318
1753360042.553019762,28,9277
1753360042.557253122,46,9316
1753360042.573288679,28,9275
1753360042.577109814,46,9315
1753360042.593445301,28,9274
1753360042.597258806,46,9313
1753360042.612975359,28,9272
1753360042.617246389,46,9311
1753360042.632898569,28,9270
1753360042.637151003,46,9310
1753360042.652757406,28,9268
1753360042.656903982,46,9308
1753360042.673783302,28,9267
1753360042.676879168,46,9306
1753360042.692878246,28,9265
1753360042.697348833,46,9305
1753360042.712978125,28,9263
1753360042.716817617,46,9303
1753360042.732601404,28,9262
1753360042.736755133,46,9301
1753360042.752790451,28,9260
1753360042.756792307,46,9300
1753360042.772507668,28,9259
1753360042.776619196,46,9298
1753360042.792640686,28,9257
1753360042.796616793,46,9297
1753360042.812651634,28,9255
1753360042.816609621,46,9295
1753360042.832437992,28,9254
1753360042.836601973,46,9293
1753360042.852547646,28,9252
1753360042.856508732,46,9292
1753360042.872404575,28,9251
1753360042.876999378,46,9290
1753360042.892253160,28,9249
1753360042.896387815,46,9289
1753360042.912240982,28,9248
1753360042.916391134,46,9287
1753360042.932233572,28,9246
1753360042.936341286,46,9286
1753360042.952162504,28,9245
1753360042.956292152,46,9284
1753360042.972569227,28,9243
1753360042.976187706,46,9283
1753360042.992074490,28,9241
1753360042.996107817,46,9281
1753360043.012117386,28,9240
1753360043.016075373,46,9279
1753360043.032357931,28,9238
1753360043.036117315,46,9278
1753360043.051979303,28,9237
1753360043.056263208,46,9276
1753360043.072167397,28,9235
1753360043.075996637,46,9275
1753360043.092108727,28,9234
1753360043.096009493,46,9274
1753360043.111895084,28,9232
1753360043.116063118,46,9272
1753360043.132751703,28,9231
1753360043.135828733,46,9271
1753360043.151820898,28,9230
1753360043.155737877,46,9269
1753360043.171771288,28,9228
1753360043.175770044,46,9268
1753360043.191967487,28,9227
1753360043.195671558,46,9266
1753360043.212301493,28,9225
1753360043.216166735,46,9265
1753360043.231674910,28,9224
1753360043.235665083,46,9264
1753360043.251749516,28,9222
1753360043.255679131,46,9262
1753360043.271580935,28,9221
1753360043.275497198,46,9261
1753360043.291510105,28,9220
1753360043.295471430,46,9259
1753360043.311510801,28,9218
1753360043.315351248,46,9258
1753360043.331569672,28,9217
1753360043.335404873,46,9257
1753360043.351464033,28,9216
1753360043.355563402,46,9255
1753360043.371890545,28,9214
1753360043.375282288,46,9254
1753360043.391359568,28,9213
1753360043.395192862,46,9253
1753360043.411358118,28,9212
1753360043.415233135,46,9251
1753360043.431507826,28,9210
1753360043.435178995,46,9250
1753360043.451683760,28,9209
1753360043.455133200,46,9249
1753360043.471378326,28,9208
1753360043.475108862,46,9248
1753360043.491133451,28,9206
1753360043.494987488,46,9246
1753360043.511105776,28,9205
1753360043.514942169,46,9245
1753360043.531106472,28,9204
1753360043.534854650,46,9244
1753360043.551139355,28,9202
1753360043.554966688,46,9243
1753360043.571365595,28,9201
1753360043.574805498,46,9241
1753360043.591527224,28,9200
1753360043.594791651,46,9240
1753360043.610942125,28,9199
1753360043.614731073,46,9239
1753360043.631015778,28,9198
1753360043.634644985,46,9238
1753360043.650892973,28,9196
1753360043.654618979,46,9236
1753360043.670832157,28,9195
1753360043.674503565,46,9235
1753360043.690841675,28,9194
1753360043.694570303,46,9234
1753360043.710767031,28,9193
1753360043.714403391,46,9233
1753360043.731163502,28,9192
1753360043.734393358,46,9232
1753360043.751921177,28,9190
1753360043.754403591,46,9231
1753360043.770817757,28,9189
1753360043.774298668,46,9230
1753360043.791140318,28,9188
1753360043.794329643,46,9229
1753360043.810804129,28,9187
1753360043.814864874,46,9227
1753360043.830654144,28,9186
1753360043.834211826,46,9226
1753360043.850705862,28,9185
1753360043.854260445,46,9225
1753360043.870556116,28,9184
1753360043.874161005,46,9224
1753360043.890888453,28,9183
1753360043.894151688,46,9223
1753360043.910858870,28,9182
1753360043.914055586,46,9222
1753360043.931373358,28,9180
1753360043.933969259,46,9221
1753360043.950433493,28,9179
1753360043.954167604,46,9220
1753360043.970431805,28,9179
1753360043.973841906,46,9219
1753360043.991309404,28,9177
1753360043.993824005,46,9218
1753360044.010624170,28,9176
1753360044.013716221,46,9217
1753360044.030224800,28,9176
1753360044.033626556,46,9216
1753360044.050177336,28,9174
1753360044.053650141,46,9215
1753360044.070281744,28,9173
1753360044.073800564,46,9214
1753360044.090198517,28,9173
1753360044.093619108,46,9213
1753360044.110213518,28,9172
1753360044.113435507,46,9212
1753360044.130172968,28,9170
1753360044.133674860,46,9211
1753360044.150264025,28,9170
1753360044.153456211,46,9210
1753360044.170448780,28,9169
1753360044.173333168,46,9210
1753360044.189974546,28,9168
1753360044.193274736,46,9209
1753360044.209966660,28,9167
1753360044.213514090,46,9208
1753360044.230106831,28,9166
1753360044.233772516,46,9207
1753360044.249876499,28,9165
1753360044.253220797,46,9206
1753360044.269791842,28,9164
1753360044.273059130,46,9205
1753360044.290071487,28,9163
1753360044.293098450,46,9204
1753360044.309761286,28,9163
1753360044.313046932,46,9203
1753360044.330028772,28,9162
1753360044.333215237,46,9202
1753360044.349878550,28,9161
1753360044.352943897,46,9202
1753360044.369676590,28,9160
1753360044.372934580,46,9201
1753360044.389795780,28,9159
1753360044.392901421,46,9200
1753360044.410326719,28,9159
1753360044.412939548,46,9199
1753360044.429551840,28,9158
1753360044.432759285,46,9198
1753360044.449559212,28,9157
1753360044.452745676,46,9198
1753360044.469491005,28,9156
1753360044.472660780,46,9197
1753360044.489423513,28,9155
1753360044.492608309,46,9196
1753360044.509424686,28,9155
1753360044.512747765,46,9195
1753360044.529339790,28,9154
1753360044.532581091,46,9195
1753360044.549393892,28,9153
1753360044.552468300,46,9194
1753360044.569410324,28,9152
1753360044.572453737,46,9193
1753360044.589840174,28,9152
1753360044.592377186,46,9192
1753360044.609261990,28,9151
1753360044.612968206,46,9192
1753360044.629180193,28,9150
1753360044.632495403,46,9191
1753360044.649147749,28,9150
1753360044.652225971,46,9190
1753360044.669368982,28,9149
1753360044.672230482,46,9189
1753360044.688961506,28,9148
1753360044.692076683,46,9189
1753360044.709007978,28,9148
1753360044.712085962,46,9188
1753360044.728902102,28,9147
1753360044.732011080,46,9188
1753360044.748886585,28,9146
1753360044.752212763,46,9187
1753360044.768839121,28,9146
1753360044.771984816,46,9186
1753360044.789362192,28,9145
1753360044.791947842,46,9186
1753360044.808854580,28,9145
1753360044.811854601,46,9185
1753360044.828912973,28,9144
1753360044.831887245,46,9184
1753360044.848814011,28,9143
1753360044.851790190,46,9184
1753360044.868712664,28,9143
1753360044.871677637,46,9183
1753360044.888876438,28,9142
1753360044.891804934,46,9183
1753360044.908772945,28,9142
1753360044.912000179,46,9182
1753360044.928795338,28,9141
1753360044.931526899,46,9182
1753360044.948602915,28,9141
1753360044.951483250,46,9181
1753360044.968491077,28,9140
1753360044.971414804,46,9181
1753360044.988816500,28,9140
1753360044.991971493,46,9180
1753360045.008865833,28,9139
1753360045.011367798,46,9179
1753360045.028364182,28,9139
1753360045.031283617,46,9179
1753360045.048609734,28,9138
1753360045.051406384,46,9178
1753360045.068334103,28,9138
1753360045.071179152,46,9178
1753360045.088307381,28,9137
1753360045.091206074,46,9178
1753360045.108620405,28,9137
1753360045.111121655,46,9177
1753360045.128365040,28,9137
1753360045.131238461,46,9177
1753360045.148252010,28,9136
1753360045.151063442,46,9176
1753360045.168176413,28,9136
1753360045.170992851,46,9176
1753360045.188118935,28,9135
1753360045.190959454,46,9175
1753360045.208288431,28,9135
1753360045.210955858,46,9175
1753360045.228102446,28,9134
1753360045.230893135,46,9174
1753360045.248054028,28,9134
1753360045.250811815,46,9174
1753360045.268470049,28,9134
1753360045.270815372,46,9174
1753360045.287916660,28,9133
1753360045.290751219,46,9173
1753360045.307857037,28,9133
1753360045.310698748,46,9173
1753360045.327816725,28,9133
1753360045.330559731,46,9173
1753360045.347785473,28,9132
1753360045.350513458,46,9172
1753360045.367771626,28,9132
1753360045.370445251,46,9172
1753360045.387739658,28,9132
1753360045.390476227,46,9172
1753360045.407767773,28,9131
1753360045.410432816,46,9171
1753360045.427795887,28,9131
1753360045.430312634,46,9171
1753360045.447770119,28,9131
1753360045.450268745,46,9171
1753360045.467832327,28,9130
1753360045.470315695,46,9170
1753360045.488059044,28,9130
1753360045.490340948,46,9170
1753360045.507708311,28,9130
1753360045.510253429,46,9170
1753360045.527594328,28,9130
1753360045.530092478,46,9169
1753360045.547800779,28,9130
1753360045.550159454,46,9169
1753360045.567550421,28,9129
1753360045.569988966,46,9169
1753360045.587610960,28,9129
1753360045.589937210,46,9169
1753360045.607694626,28,9129
1753360045.610744715,46,9168
1753360045.627465010,28,9129
1753360045.630044222,46,9168
1753360045.647748947,28,9128
1753360045.650229216,46,9168
1753360045.667442799,28,9128
1753360045.669828415,46,9168
1753360045.687330484,28,9128
1753360045.689776659,46,9168
1753360045.707354784,28,9128
1753360045.709671736,46,9167
1753360045.727491140,28,9128
1753360045.729660749,46,9167
1753360045.747162580,28,9128
1753360045.749552488,46,9167
1753360045.767474174,28,9127
1753360045.769648075,46,9167
1753360045.787252665,28,9127
1753360045.789491177,46,9167
1753360045.807352781,28,9127
1753360045.809426546,46,9167
1753360045.827206850,28,9127

