timestamp,vesc_id,duty_cycle
1753359789.756316423,28,0.1990
1753359789.756525755,46,0.1990
1753359789.775992870,28,0.1990
1753359789.776388884,46,0.1990
1753359789.795811892,28,0.1990
1753359789.796379805,46,0.1990
1753359789.816222906,28,0.1990
1753359789.816408873,46,0.1990
1753359789.836085558,28,0.1990
1753359789.836270809,46,0.1990
1753359789.856044292,28,0.2000
1753359789.856238604,46,0.1990
1753359789.875614643,28,0.1950
1753359789.876067162,46,0.1950
1753359789.895574808,28,0.1940
1753359789.896374226,46,0.1940
1753359789.916342497,28,0.1940
1753359789.916526079,46,0.1940
1753359789.935803175,28,0.1950
1753359789.935991287,46,0.1940
1753359789.956370354,28,0.1950
1753359789.956484556,46,0.1950
1753359789.975640297,28,0.1940
1753359789.975939512,46,0.1940
1753359789.995569706,28,0.1940
1753359789.995925188,46,0.1940
1753359790.015889168,28,0.1950
1753359790.016122580,46,0.1940
1753359790.035439014,28,0.1940
1753359790.035613298,46,0.1940
1753359790.056007147,28,0.1940
1753359790.056122303,46,0.1900
1753359790.075459480,28,0.1890
1753359790.075962782,46,0.1890
1753359790.095514536,28,0.1820
1753359790.095710039,46,0.1890
1753359790.116120100,28,0.1890
1753359790.116321564,46,0.1890
1753359790.135502338,28,0.1890
1753359790.135650635,46,0.1890
1753359790.155190945,28,0.1890
1753359790.155421972,46,0.1780
1753359790.175341606,28,0.1890
1753359790.175498247,46,0.1850
1753359790.195438385,28,0.1890
1753359790.195617676,46,0.1890
1753359790.215292215,28,0.1580
1753359790.215424776,46,0.1890
1753359790.235307932,28,0.1890
1753359790.235426664,46,0.1890
1753359790.255071163,28,0.1890
1753359790.255241156,46,0.1890
1753359790.275332928,28,0.1840
1753359790.275455236,46,0.1850
1753359790.294983387,28,0.1850
1753359790.295145988,46,0.1830
1753359790.315034389,28,0.1850
1753359790.315171957,46,0.1850
1753359790.335789204,28,0.1850
1753359790.335981131,46,0.1840
1753359790.355023384,28,0.1840
1753359790.355185986,46,0.1850
1753359790.374770880,28,0.1600
1753359790.375023603,46,0.1790
1753359790.394732475,28,0.1660
1753359790.395727634,46,0.1840
1753359790.414768934,28,0.1850
1753359790.414908409,46,0.1840
1753359790.434693336,28,0.1850
1753359790.434889078,46,0.1850
1753359790.454607725,28,0.1840
1753359790.454874039,46,0.1850
1753359790.474573374,28,0.1800
1753359790.474799395,46,0.1800
1753359790.495061874,28,0.1800
1753359790.495247364,46,0.1800
1753359790.514883041,28,0.1800
1753359790.515029192,46,0.1800
1753359790.534492970,28,0.1800
1753359790.534729242,46,0.1800
1753359790.554798365,28,0.1800
1753359790.554989815,46,0.1800
1753359790.574450016,28,0.1800
1753359790.574666500,46,0.1800
1753359790.594560862,28,0.1800
1753359790.594784260,46,0.1800
1753359790.614629745,28,0.1800
1753359790.614800215,46,0.1800
1753359790.634725809,28,0.1800
1753359790.634883642,46,0.1800
1753359790.654779911,46,0.1800
1753359790.654970407,28,0.1800
1753359790.674778461,46,0.1740
1753359790.675004721,28,0.1700
1753359790.694301367,46,0.1720
1753359790.694463730,28,0.1740
1753359790.714719057,46,0.1750
1753359790.714862585,28,0.1740
1753359790.734221935,46,0.1740
1753359790.734391689,28,0.1740
1753359790.753993511,46,0.1740
1753359790.754171371,28,0.1740
1753359790.774313688,46,0.1750
1753359790.774471998,28,0.1740
1753359790.794060230,46,0.1750
1753359790.794178724,28,0.1750
1753359790.813878775,46,0.1750
1753359790.814105272,28,0.1660
1753359790.834041834,46,0.1680
1753359790.834193468,28,0.1660
1753359790.853963614,46,0.1750
1753359790.854441643,28,0.1750
1753359790.874286890,46,0.1700
1753359790.874401808,28,0.1700
1753359790.894144535,46,0.1690
1753359790.894327879,28,0.1690
1753359790.913738489,46,0.1700
1753359790.913843632,28,0.1690
1753359790.934621096,46,0.1690
1753359790.934808254,28,0.1690
1753359790.953632116,46,0.1690
1753359790.953780890,28,0.1700
1753359790.973564386,46,0.1690
1753359790.973677874,28,0.1570
1753359790.993789911,46,0.1690
1753359790.993957520,28,0.1660
1753359791.013485670,46,0.1700
1753359791.013641834,28,0.1690
1753359791.033945799,46,0.1690
1753359791.034102201,28,0.1700
1753359791.053462505,46,0.1690
1753359791.053653240,28,0.1700
1753359791.073441029,46,0.1640
1753359791.073525429,28,0.1640
1753359791.093515873,46,0.1640
1753359791.093691826,28,0.1640
1753359791.113433361,46,0.1640
1753359791.113612652,28,0.1640
1753359791.133173704,46,0.1640
1753359791.133637667,28,0.1640
1753359791.153464794,46,0.1640
1753359791.153723240,28,0.1640
1753359791.173176527,46,0.1360
1753359791.173657656,28,0.1640
1753359791.193402767,46,0.1570
1753359791.193600416,28,0.1640
1753359791.213193417,46,0.1620
1753359791.213396311,28,0.1640
1753359791.233028650,46,0.1640
1753359791.233479023,28,0.1640
1753359791.253365040,46,0.1630
1753359791.253630400,28,0.1640
1753359791.273258448,46,0.1490
1753359791.273435354,28,0.1590
1753359791.292762041,46,0.1590
1753359791.293258190,28,0.1590
1753359791.312795162,46,0.1570
1753359791.313318253,28,0.1370
1753359791.332669735,46,0.1590
1753359791.333218575,28,0.1590
1753359791.352974176,46,0.1590
1753359791.353181839,28,0.1330
1753359791.372775078,46,0.1590
1753359791.373167753,28,0.1590
1753359791.393093824,46,0.1590
1753359791.393280268,28,0.1590
1753359791.413016796,46,0.1590
1753359791.413158417,28,0.1590
1753359791.432764769,46,0.1590
1753359791.433048010,28,0.1590
1753359791.452579260,46,0.1590
1753359791.453047752,28,0.1430
1753359791.472817183,46,0.1540
1753359791.473122835,28,0.1540
1753359791.492492199,46,0.1540
1753359791.493210554,28,0.1540
1753359791.512302399,46,0.1540
1753359791.513148308,28,0.1410
1753359791.532353163,46,0.1540
1753359791.533399343,28,0.1340
1753359791.552184582,46,0.1400
1753359791.552854538,28,0.1540
1753359791.572203159,46,0.1470
1753359791.572829247,28,0.1350
1753359791.591989994,46,0.1540
1753359791.592712164,28,0.1530
1753359791.612027168,46,0.1540
1753359791.612822056,28,0.1540
1753359791.632972479,46,0.1540
1753359791.633190155,28,0.1540
1753359791.652095318,46,0.1540
1753359791.652719498,28,0.1540
1753359791.671856880,46,0.1490
1753359791.672620296,28,0.1490
1753359791.692248583,46,0.1490
1753359791.692706108,28,0.1490
1753359791.712284327,46,0.1490
1753359791.712556362,28,0.1490
1753359791.731801271,46,0.1470
1753359791.732770205,28,0.1490
1753359791.752014160,46,0.1490
1753359791.752710819,28,0.1490
1753359791.772351265,46,0.1490
1753359791.772566795,28,0.1490
1753359791.791945457,46,0.1490
1753359791.792498827,28,0.1490
1753359791.811848879,46,0.1490
1753359791.812428474,28,0.1490
1753359791.832369328,46,0.1490
1753359791.832581520,28,0.1490
1753359791.851436377,46,0.1430
1753359791.852340698,28,0.1490
1753359791.871716499,46,0.1440
1753359791.873299599,28,0.1360
1753359791.891336918,46,0.1440
1753359791.892571688,28,0.1440
1753359791.911433220,46,0.1440
1753359791.912461042,28,0.1440
1753359791.931318521,46,0.1440
1753359791.932757616,28,0.1440
1753359791.951128244,46,0.1440
1753359791.952056646,28,0.1390
1753359791.971085787,46,0.1440
1753359791.972109556,28,0.1440
1753359791.991088629,46,0.1440
1753359791.992066622,28,0.1440
1753359792.011283875,46,0.1440
1753359792.012287855,28,0.1440
1753359792.031344175,46,0.1440
1753359792.032872677,28,0.1440
1753359792.051010847,46,0.1440
1753359792.051992416,28,0.1440
1753359792.071254969,46,0.1390
1753359792.072143316,28,0.1380
1753359792.091293097,46,0.1390
1753359792.092400074,28,0.1390
1753359792.110784292,46,0.1330
1753359792.111816406,28,0.1360
1753359792.131112814,46,0.1390
1753359792.132575274,28,0.1390
1753359792.150755405,46,0.1390
1753359792.151891232,28,0.1340
1753359792.170835972,46,0.1390
1753359792.171681166,28,0.1390
1753359792.191069126,46,0.1390
1753359792.191712618,28,0.1390
1753359792.210902929,46,0.1390
1753359792.211778402,28,0.1390
1753359792.230875492,46,0.1390
1753359792.231857300,28,0.1390
1753359792.250821829,46,0.1390
1753359792.252009869,28,0.1390
1753359792.270374298,46,0.1340
1753359792.271524191,28,0.1320
1753359792.290440559,46,0.1320
1753359792.291560650,28,0.1340
1753359792.311187029,46,0.1340
1753359792.311395168,28,0.1340
1753359792.330313921,46,0.1340
1753359792.331406832,28,0.1340
1753359792.350690842,46,0.1340
1753359792.351382494,28,0.1340
1753359792.370157003,46,0.1340
1753359792.371328592,28,0.1340
1753359792.390473843,46,0.1340
1753359792.391290903,28,0.1340
1753359792.410229206,46,0.1340
1753359792.411883831,28,0.1340
1753359792.430169582,46,0.1340
1753359792.431216955,28,0.1310
1753359792.450348616,46,0.1340
1753359792.451303482,28,0.1340
1753359792.470056295,46,0.1290
1753359792.471182823,28,0.1290
1753359792.490053415,46,0.1290
1753359792.491314888,28,0.1290
1753359792.510093451,46,0.1200
1753359792.511153221,28,0.1290
1753359792.530200481,46,0.1290
1753359792.531122923,28,0.1290
1753359792.550227165,46,0.1290
1753359792.551091194,28,0.1290
1753359792.570071459,46,0.1290
1753359792.571703196,28,0.1290
1753359792.589744806,46,0.1290
1753359792.590931416,28,0.1290
1753359792.609855890,46,0.1290
1753359792.610995531,28,0.1290
1753359792.629801512,46,0.1290
1753359792.630912542,28,0.1290
1753359792.649770975,46,0.1290
1753359792.650954485,28,0.1290
1753359792.669698954,46,0.1240
1753359792.670966387,28,0.0860
1753359792.690138578,46,0.1240
1753359792.690771818,28,0.1240
1753359792.709601641,46,0.1240
1753359792.710677385,28,0.1240
1753359792.729850292,46,0.1240
1753359792.730701208,28,0.1240
1753359792.749292135,46,0.1240
1753359792.750913858,28,0.1240
1753359792.769268274,46,0.1240
1753359792.770521164,28,0.1240
1753359792.789157867,46,0.1240
1753359792.790468931,28,0.1240
1753359792.809192419,46,0.1240
1753359792.810619593,28,0.1240
1753359792.829597712,46,0.1240
1753359792.831005335,28,0.1240
1753359792.849091291,46,0.1240
1753359792.850591898,28,0.1240
1753359792.868906736,46,0.1190
1753359792.870548248,28,0.1190
1753359792.889186382,46,0.1190
1753359792.890883446,28,0.1190
1753359792.908982515,46,0.1190
1753359792.910588980,28,0.1190
1753359792.929301500,46,0.1190
1753359792.930619478,28,0.1190
1753359792.948942900,46,0.1190
1753359792.950717449,28,0.1080
1753359792.968803644,46,0.1180
1753359792.970440626,28,0.1190
1753359792.988923073,46,0.1190
1753359792.990716934,28,0.1190
1753359793.008819342,46,0.1190
1753359793.010412216,28,0.1190
1753359793.028604746,46,0.1190
1753359793.030895710,28,0.1190
1753359793.049213171,46,0.1190
1753359793.050668716,28,0.1190
1753359793.068740129,46,0.1140
1753359793.070599079,28,0.1140
1753359793.088682175,46,0.1100
1753359793.090204477,28,0.1140
1753359793.108413696,46,0.1140
1753359793.110180378,28,0.1140
1753359793.128584862,46,0.1140
1753359793.130120516,28,0.1140
1753359793.148791313,46,0.1140
1753359793.150825977,28,0.1050
1753359793.168389559,46,0.1080
1753359793.170106173,28,0.1140
1753359793.188200235,46,0.1140
1753359793.190030575,28,0.1140
1753359793.208616734,46,0.1140
1753359793.210631371,28,0.1060
1753359793.228207111,46,0.1120
1753359793.229964972,28,0.1060
1753359793.248208046,46,0.1140
1753359793.249954700,28,0.1140
1753359793.268944502,46,0.1140
1753359793.270007133,28,0.1090
1753359793.288032770,46,0.1090
1753359793.290058851,28,0.1090
1753359793.308207989,46,0.0890
1753359793.309993744,28,0.1090
1753359793.328834772,46,0.1090
1753359793.329950809,28,0.1090
1753359793.347890139,46,0.1090
1753359793.349770784,28,0.1090
1753359793.368210316,46,0.1090
1753359793.369956017,28,0.1090
1753359793.387742519,46,0.1090
1753359793.389639139,28,0.1090
1753359793.407736301,46,0.1090
1753359793.409591913,28,0.1090
1753359793.428019285,46,0.1080
1753359793.429949284,28,0.1090
1753359793.447704077,46,0.1090
1753359793.449529886,28,0.1090
1753359793.468061209,46,0.1090
1753359793.469491243,28,0.1040
1753359793.487491131,46,0.1000
1753359793.489454508,28,0.1040
1753359793.507421255,46,0.1040
1753359793.509398699,28,0.1040
1753359793.527808428,46,0.1010
1753359793.529797792,28,0.1040
1753359793.547641277,46,0.0950
1753359793.549640656,28,0.1040
1753359793.567418814,46,0.1040
1753359793.569230318,28,0.1040
1753359793.587332726,46,0.1040
1753359793.589201450,28,0.0930
1753359793.607257366,46,0.0920
1753359793.609219313,28,0.1040
1753359793.627253294,46,0.1040
1753359793.629236221,28,0.1040
1753359793.647109985,46,0.1040
1753359793.649103642,28,0.1040
1753359793.667095184,46,0.0870
1753359793.669152260,28,0.1040
1753359793.687528133,46,0.0990
1753359793.689166546,28,0.0990
1753359793.707062006,46,0.0990
1753359793.709310293,28,0.0740
1753359793.727105141,46,0.0990
1753359793.729013681,28,0.0980
1753359793.747061491,46,0.0990
1753359793.749252319,28,0.0990
1753359793.767147779,46,0.0990
1753359793.769311905,28,0.0990
1753359793.786798000,46,0.0990
1753359793.789008856,28,0.0990
1753359793.806861162,46,0.0990
1753359793.809043169,28,0.0920
1753359793.826774597,46,0.0990
1753359793.828805208,28,0.0990
1753359793.846773148,46,0.0990
1753359793.848760366,28,0.0990
1753359793.866953135,46,0.0990
1753359793.868829012,28,0.0820
1753359793.886573792,46,0.0940
1753359793.888728619,28,0.0940
1753359793.906612158,46,0.0940
1753359793.908643007,28,0.0940
1753359793.926757336,46,0.0940
1753359793.929128408,28,0.0940
1753359793.946424723,46,0.0940
1753359793.948606730,28,0.0860
1753359793.967111349,46,0.0940
1753359793.968951225,28,0.0940
1753359793.986524343,46,0.0940
1753359793.988796711,28,0.0940
1753359794.006692410,46,0.0940
1753359794.008876324,28,0.0940
1753359794.026634216,46,0.0940
1753359794.028884649,28,0.0940
1753359794.046205282,46,0.0940
1753359794.048411608,28,0.0940
1753359794.066528082,46,0.0940
1753359794.068472385,28,0.0940
1753359794.086182356,46,0.0890
1753359794.088744640,28,0.0890
1753359794.106142521,46,0.0850
1753359794.108261108,28,0.0870
1753359794.126389742,46,0.0730
1753359794.129123211,28,0.0890
1753359794.146062374,46,0.0750
1753359794.148631096,28,0.0860
1753359794.166164637,46,0.0890
1753359794.168351412,28,0.0890
1753359794.186785936,46,0.0890
1753359794.188514233,28,0.0890
1753359794.205912352,46,0.0890
1753359794.208016634,28,0.0870
1753359794.226433754,46,0.0890
1753359794.228009224,28,0.0890
1753359794.245806694,46,0.0890
1753359794.248384476,28,0.0890
1753359794.265771627,46,0.0890
1753359794.267949581,28,0.0890
1753359794.286107540,46,0.0840
1753359794.289098263,28,0.0840
1753359794.305818081,46,0.0840
1753359794.307946444,28,0.0840
1753359794.325515985,46,0.0840
1753359794.327983618,28,0.0840
1753359794.345989227,46,0.0840
1753359794.347833872,28,0.0840
1753359794.365476131,46,0.0840
1753359794.367881298,28,0.0840
1753359794.385452509,46,0.0840
1753359794.387828827,28,0.0840
1753359794.405557156,46,0.0840
1753359794.407748938,28,0.0700
1753359794.425392389,46,0.0840
1753359794.427763939,28,0.0840
1753359794.445759058,46,0.0840
1753359794.447682619,28,0.0840
1753359794.465653181,46,0.0840
1753359794.467825651,28,0.0840
1753359794.485169649,46,0.0790
1753359794.487696409,28,0.0790
1753359794.505915403,46,0.0710
1753359794.507897139,28,0.0790
1753359794.525274038,46,0.0790
1753359794.527793407,28,0.0690
1753359794.545660734,46,0.0790
1753359794.547647238,28,0.0790
1753359794.565224409,46,0.0790
1753359794.567915440,28,0.0790
1753359794.585054398,46,0.0790
1753359794.588490963,28,0.0790
1753359794.605248928,46,0.0790
1753359794.607600689,28,0.0790
1753359794.625190973,46,0.0790
1753359794.627699614,28,0.0790
1753359794.644871712,46,0.0790
1753359794.647593498,28,0.0790
1753359794.665464640,46,0.0790
1753359794.667720556,28,0.0790
1753359794.684791327,46,0.0740
1753359794.687677145,28,0.0710
1753359794.704679489,46,0.0740
1753359794.707405567,28,0.0740
1753359794.724876881,46,0.0740
1753359794.727613211,28,0.0740
1753359794.744741440,46,0.0740
1753359794.747266769,28,0.0740
1753359794.764837027,46,0.0740
1753359794.767267466,28,0.0740
1753359794.784925222,46,0.0740
1753359794.787289858,28,0.0740
1753359794.804492950,46,0.0690
1753359794.807434559,28,0.0740
1753359794.825135946,46,0.0740
1753359794.827394247,28,0.0710
1753359794.844501019,46,0.0740
1753359794.847696781,28,0.0740
1753359794.864235401,46,0.0740
1753359794.867092133,28,0.0740
1753359794.884515524,46,0.0690
1753359794.887285948,28,0.0690
1753359794.904397011,46,0.0690
1753359794.907037735,28,0.0620
1753359794.924103022,46,0.0690
1753359794.926978111,28,0.0640
1753359794.944569588,46,0.0690
1753359794.947769165,28,0.0690
1753359794.964002132,46,0.0690
1753359794.966861010,28,0.0690
1753359794.984184980,46,0.0690
1753359794.987313509,28,0.0690
1753359795.004364967,46,0.0690
1753359795.006803751,28,0.0690
1753359795.023853064,46,0.0690
1753359795.026789904,28,0.0690
1753359795.043951988,46,0.0690
1753359795.047237158,28,0.0690
1753359795.063799620,46,0.0690
1753359795.066654682,28,0.0690
1753359795.084677219,46,0.0640
1753359795.086616755,28,0.0640
1753359795.103724241,46,0.0630
1753359795.106665373,28,0.0640
1753359795.123610973,46,0.0640
1753359795.126631975,28,0.0640
1753359795.144210100,46,0.0600
1753359795.146590471,28,0.0640
1753359795.163607121,46,0.0640
1753359795.166748524,28,0.0640
1753359795.183601618,46,0.0630
1753359795.186421871,28,0.0640
1753359795.203974485,46,0.0640
1753359795.206683397,28,0.0640
1753359795.223780394,46,0.0640
1753359795.226675749,28,0.0640
1753359795.243376732,46,0.0430
1753359795.246388912,28,0.0640
1753359795.264328480,46,0.0640
1753359795.266381979,28,0.0500
1753359795.283269167,46,0.0590
1753359795.286306620,28,0.0590
1753359795.303324223,46,0.0590
1753359795.306243658,28,0.0590
1753359795.323371410,46,0.0590
1753359795.326741695,28,0.0590
1753359795.343219995,46,0.0470
1753359795.346196175,28,0.0590
1753359795.363317013,46,0.0590
1753359795.366173267,28,0.0590
1753359795.383180380,46,0.0590
1753359795.386714458,28,0.0590
1753359795.403009892,46,0.0590
1753359795.405993938,28,0.0590
1753359795.423179865,46,0.0590
1753359795.425977230,28,0.0590
1753359795.442881107,46,0.0590
1753359795.445972443,28,0.0590
1753359795.462893248,46,0.0590
1753359795.465920210,28,0.0590
1753359795.483038187,46,0.0540
1753359795.486423492,28,0.0540
1753359795.502788544,46,0.0540
1753359795.505876064,28,0.0540
1753359795.522862911,46,0.0360
1753359795.525746346,28,0.0540
1753359795.543098688,46,0.0540
1753359795.546052456,28,0.0540
1753359795.562695026,46,0.0540
1753359795.565759420,28,0.0520
1753359795.583179712,46,0.0540
1753359795.585702896,28,0.0540
1753359795.602979898,46,0.0540
1753359795.605938196,28,0.0540
1753359795.622678995,46,0.0540
1753359795.625616789,28,0.0540
1753359795.642396450,46,0.0540
1753359795.645588636,28,0.0540
1753359795.662400484,46,0.0540
1753359795.665541172,28,0.0540
1753359795.682262182,46,0.0490
1753359795.685437679,28,0.0490
1753359795.702187777,46,0.0490
1753359795.705456734,28,0.0490
1753359795.722244501,46,0.0490
1753359795.725861549,28,0.0490
1753359795.742224932,46,0.0490
1753359795.745714188,28,0.0490
1753359795.762490034,46,0.0490
1753359795.765668869,28,0.0490
1753359795.782079458,46,0.0490
1753359795.785240650,28,0.0490
1753359795.802407265,46,0.0490
1753359795.805568695,28,0.0490
1753359795.822289228,46,0.0440
1753359795.825379133,28,0.0490
1753359795.841978312,46,0.0490
1753359795.845125675,28,0.0490
1753359795.862238646,46,0.0490
1753359795.865183830,28,0.0490
1753359795.882702827,46,0.0440
1753359795.885388613,28,0.0440
1753359795.901840210,46,0.0440
1753359795.905133724,28,0.0210
1753359795.922058821,46,0.0440
1753359795.925136805,28,0.0410
1753359795.941723824,46,0.0440
1753359795.945025206,28,0.0440
1753359795.961719036,46,0.0440
1753359795.964888811,28,0.0440
1753359795.982001781,46,0.0440
1753359795.985153437,28,0.0440
1753359796.001632690,46,0.0440
1753359796.004861116,28,0.0440
1753359796.021858454,46,0.0440
1753359796.024933100,28,0.0440
1753359796.041718721,46,0.0440
1753359796.044870138,28,0.0440
1753359796.061466455,46,0.0440
1753359796.064800501,28,0.0440
1753359796.081716776,46,0.0390
1753359796.085129023,28,0.0390
1753359796.101404190,46,0.0390
1753359796.104767561,28,0.0390
1753359796.121322870,46,0.0370
1753359796.124622345,28,0.0390
1753359796.141718864,46,0.0390
1753359796.145006657,28,0.0340
1753359796.161212444,46,0.0390
1753359796.164954185,28,0.0380
1753359796.181510448,46,0.0390
1753359796.184565544,28,0.0250
1753359796.201587439,46,0.0390
1753359796.204721689,28,0.0390
1753359796.221077442,46,0.0390
1753359796.224712372,28,0.0390
1753359796.241460323,46,0.0390
1753359796.244699955,28,0.0390
1753359796.261853933,46,0.0390
1753359796.264365911,28,0.0390
1753359796.280811548,46,0.0340
1753359796.284370422,28,0.0340
1753359796.301326513,46,0.0340
1753359796.304711342,28,0.0340
1753359796.320948362,46,0.0340
1753359796.324286461,28,0.0340
1753359796.341083765,46,0.0340
1753359796.344273329,28,0.0340
1753359796.361199617,46,0.0340
1753359796.364469528,28,0.0340
1753359796.381013870,46,0.0340
1753359796.384305000,28,0.0340
1753359796.401093960,46,0.0340
1753359796.404389620,28,0.0340
1753359796.420948505,46,0.0340
1753359796.424615622,28,0.0340
1753359796.440494299,46,0.0160
1753359796.443964720,28,0.0340
1753359796.460937977,46,0.0340
1753359796.464276791,28,0.0340
1753359796.480344772,46,0.0290
1753359796.483976364,28,0.0290
1753359796.500481606,46,0.0290
1753359796.503933191,28,0.0290
1753359796.520610809,46,0.0270
1753359796.524120331,28,0.0290
1753359796.540276051,46,0.0290
1753359796.543831825,28,0.0290
1753359796.560247660,46,0.0270
1753359796.563832045,28,0.0290
1753359796.580838680,46,0.0290
1753359796.584219694,28,0.0290
1753359796.600190878,46,0.0290
1753359796.603884459,28,0.0290
1753359796.620177984,46,0.0290
1753359796.624043465,28,0.0290
1753359796.640147924,46,0.0290
1753359796.644354105,28,0.0290
1753359796.660100460,46,0.0290
1753359796.663566589,28,0.0290
1753359796.679876566,46,0.0240
1753359796.683610916,28,0.0240
1753359796.699972868,46,0.0150
1753359796.704144239,28,0.0240
1753359796.720085859,46,0.0240
1753359796.723569155,28,0.0240
1753359796.740333080,46,0.0240
1753359796.743728399,28,0.0240
1753359796.759790897,46,0.0240
1753359796.763401747,28,0.0240
1753359796.780207634,46,0.0240
1753359796.783471584,28,0.0180
1753359796.799843073,46,0.0240
1753359796.803363085,28,0.0240
1753359796.819672823,46,0.0240
1753359796.823301792,28,0.0230
1753359796.839920044,46,0.0200
1753359796.843480825,28,0.0240
1753359796.859718323,46,0.0240
1753359796.863460302,28,0.0240
1753359796.879889250,46,0.0240
1753359796.883236408,28,0.0190
1753359796.899989605,46,0.0040
1753359796.903365374,28,0.0190
1753359796.919479847,46,0.0190
1753359796.924199343,28,0.0190
1753359796.939805984,46,0.0190
1753359796.943360090,28,0.0170
1753359796.959268093,46,0.0180
1753359796.963048220,28,0.0190
1753359796.979403973,46,0.0190
1753359796.983142614,28,0.0190
1753359796.999800920,46,0.0190
1753359797.003228188,28,0.0190
1753359797.020046234,46,0.0190
1753359797.023656607,28,0.0190
1753359797.039159536,46,0.0190
1753359797.042787313,28,0.0100
1753359797.059401512,46,0.0190
1753359797.063246250,28,0.0190
1753359797.079138041,46,0.0090
1753359797.082854033,28,0.0140
1753359797.099364281,46,0.0140
1753359797.102744341,28,0.0100
1753359797.118839502,46,0.0140
1753359797.123241663,28,0.0140
1753359797.138952494,46,0.0140
1753359797.142656803,28,0.0140
1753359797.159291029,46,0.0140
1753359797.162904501,28,0.0140
1753359797.178907871,46,0.0140
1753359797.183517456,28,0.0140
1753359797.198684692,46,0.0140
1753359797.202489138,28,0.0140
1753359797.218682289,46,0.0140
1753359797.222567320,28,0.0140
1753359797.238636255,46,0.0140
1753359797.242502213,28,0.0140
1753359797.258703709,46,0.0140
1753359797.262367487,28,0.0140
1753359797.279005289,46,0.0140
1753359797.282763004,28,0.0090
1753359797.298488855,46,0.0090
1753359797.302300930,28,0.0090
1753359797.318888664,46,0.0090
1753359797.322417259,28,0.0090
1753359797.339258432,46,0.0090
1753359797.342961311,28,0.0090
1753359797.358405113,46,0.0090
1753359797.362675667,28,0.0090
1753359797.378577709,46,0.0090
1753359797.382515669,28,0.0090
1753359797.398602247,46,0.0090
1753359797.402348995,28,0.0090
1753359797.418253422,46,0.0090
1753359797.422425270,28,0.0090
1753359797.438782692,46,0.0090
1753359797.442384481,28,0.0090
1753359797.458086967,46,0.0090
1753359797.461997509,28,0.0090
1753359797.478444815,46,0.0090
1753359797.481997967,28,0.0040
1753359797.498500586,46,0.0040
1753359797.502583504,28,0.0040
1753359797.518094063,46,-0.0040
1753359797.522023678,28,0.0040
1753359797.538337231,46,-0.0040
1753359797.542301416,28,0.0020
1753359797.558256149,46,-0.0040
1753359797.562232733,28,0.0040
1753359797.577815533,46,0.0040
1753359797.581803560,28,0.0040
1753359797.598286867,46,0.0040
1753359797.602030516,28,0.0020
1753359797.617824554,46,-0.0040
1753359797.621746778,28,0.0040
1753359797.637833357,46,-0.0040
1753359797.641725540,28,0.0040
1753359797.657909393,46,-0.0040
1753359797.661956787,28,0.0040
1753359797.677708626,46,-0.0040
1753359797.681814671,28,0.0040
1753359797.697546482,46,0.0000
1753359797.701582670,28,0.0000
1753359797.717511892,46,0.0000
1753359797.721503973,28,0.0000
1753359797.737367868,46,0.0000
1753359797.741446733,28,0.0000
1753359797.757771969,46,0.0000
1753359797.761974096,28,0.0000
1753359797.777563095,46,0.0000
1753359797.782094240,28,0.0000
1753359797.797394037,46,0.0000
1753359797.801429510,28,0.0000
1753359797.818112373,46,0.0000
1753359797.822423220,28,0.0000
1753359797.837275028,46,0.0000
1753359797.841335535,28,0.0000
1753359797.857386351,46,0.0000
1753359797.861309528,28,0.0000
1753359797.877165794,46,0.0000
1753359797.881852388,28,0.0000
1753359797.897184372,46,-0.0050
1753359797.901275396,28,-0.0040
1753359797.917390347,46,-0.0050
1753359797.921263456,28,-0.0050
1753359797.937358856,46,-0.0040
1753359797.941658974,28,-0.0050
1753359797.957038641,46,-0.0040
1753359797.961022615,28,-0.0040
1753359797.977034330,46,-0.0050
1753359797.981476784,28,-0.0050
1753359797.996873140,46,-0.0050
1753359798.001163960,28,-0.0040
1753359798.017101049,46,-0.0040
1753359798.021088839,28,-0.0040
1753359798.037107944,46,-0.0040
1753359798.041277647,28,-0.0040
1753359798.056806087,46,-0.0050
1753359798.060925484,28,-0.0040
1753359798.077664852,46,-0.0040
1753359798.080825567,28,-0.0040
1753359798.096853733,46,-0.0090
1753359798.101205826,28,-0.0090
1753359798.116649151,46,-0.0100
1753359798.120741129,28,-0.0100
1753359798.137226343,46,-0.0090
1753359798.140976191,28,-0.0100
1753359798.156845093,46,-0.0090
1753359798.161219120,28,-0.0060
1753359798.176377296,46,-0.0100
1753359798.180720091,28,-0.0090
1753359798.196981430,46,-0.0100
1753359798.200967073,28,-0.0100
1753359798.216441393,46,-0.0090
1753359798.220502615,28,-0.0100
1753359798.236314774,46,-0.0090
1753359798.240504742,28,-0.0100
1753359798.256831646,46,-0.0090
1753359798.260871887,28,-0.0090
1753359798.276131868,46,-0.0100
1753359798.280395985,28,-0.0100
1753359798.296606541,46,-0.0150
1753359798.300390959,28,-0.0150
1753359798.316244125,46,-0.0150
1753359798.320490837,28,-0.0150
1753359798.336086750,46,-0.0150
1753359798.340294838,28,-0.0140
1753359798.356574774,46,-0.0080
1753359798.360651970,28,-0.0040
1753359798.376116276,46,-0.0150
1753359798.380776405,28,-0.0140
1753359798.395864725,46,-0.0150
1753359798.400460243,28,-0.0150
1753359798.416035414,46,-0.0150
1753359798.420340061,28,-0.0150
1753359798.435779572,46,-0.0140
1753359798.440070391,28,-0.0150
1753359798.455964327,46,-0.0150
1753359798.460356236,28,-0.0150
1753359798.475803375,46,-0.0040
1753359798.480124950,28,-0.0150
1753359798.495718002,46,-0.0200
1753359798.499956131,28,-0.0200
1753359798.516169071,46,-0.0190
1753359798.520020962,28,-0.0190
1753359798.535630703,46,-0.0190
1753359798.540432692,28,-0.0190
1753359798.555923223,46,-0.0190
1753359798.559863091,28,-0.0190
1753359798.575899601,46,-0.0190
1753359798.580173016,28,-0.0200
1753359798.595461369,46,-0.0190
1753359798.599779129,28,-0.0190
1753359798.615404367,46,-0.0190
1753359798.619838953,28,-0.0190
1753359798.635692596,46,-0.0190
1753359798.640008450,28,-0.0190
1753359798.655288458,46,-0.0190
1753359798.659652710,28,-0.0190
1753359798.676348686,46,-0.0200
1753359798.679650545,28,-0.0190
1753359798.695280552,46,-0.0240
1753359798.700047255,28,-0.0240
1753359798.715212345,46,-0.0240
1753359798.720606327,28,-0.0130
1753359798.735846996,46,-0.0240
1753359798.739832640,28,-0.0240
1753359798.755113840,46,-0.0240
1753359798.759742498,28,-0.0240
1753359798.774949789,46,-0.0240
1753359798.779681683,28,-0.0240
1753359798.795399666,46,-0.0240
1753359798.799996853,28,-0.0250
1753359798.814957857,46,-0.0240
1753359798.819959641,28,-0.0240
1753359798.835035324,46,-0.0250
1753359798.839506626,28,-0.0250
1753359798.854786158,46,-0.0240
1753359798.859933615,28,-0.0240
1753359798.874803305,46,-0.0240
1753359798.879443407,28,-0.0120
1753359798.895103693,46,-0.0260
1753359798.899394274,28,-0.0300
1753359798.914882660,46,-0.0270
1753359798.919418097,28,-0.0270
1753359798.934597015,46,-0.0270
1753359798.939308405,28,-0.0300
1753359798.954930782,46,-0.0270
1753359798.959725857,28,-0.0300
1753359798.974476099,46,-0.0290
1753359798.979295492,28,-0.0300
1753359798.994500875,46,-0.0300
1753359798.999205112,28,-0.0300
1753359799.014695406,46,-0.0300
1753359799.019574165,28,-0.0290
1753359799.034564495,46,-0.0290
1753359799.039398670,28,-0.0290
1753359799.054436684,46,-0.0300
1753359799.059146404,28,-0.0300
1753359799.074766636,46,-0.0300
1753359799.079384327,28,-0.0290
1753359799.094158649,46,-0.0350
1753359799.099011898,28,-0.0350
1753359799.114617825,46,-0.0350
1753359799.119016886,28,-0.0340
1753359799.134526968,46,-0.0350
1753359799.139403343,28,-0.0340
1753359799.154862165,46,-0.0350
1753359799.159015656,28,-0.0350
1753359799.174709558,46,-0.0350
1753359799.179326057,28,-0.0350
1753359799.193932295,46,-0.0350
1753359799.198988438,28,-0.0340
1753359799.214092731,46,-0.0340
1753359799.218842506,28,-0.0340
1753359799.234388113,46,-0.0350
1753359799.239087582,28,-0.0350
1753359799.254163265,46,-0.0350
1753359799.259229183,28,-0.0340
1753359799.273890495,46,-0.0350
1753359799.278715611,28,-0.0350
1753359799.294104576,46,-0.0390
1753359799.299082756,28,-0.0190
1753359799.313838243,46,-0.0300
1753359799.319031477,28,-0.0390
1753359799.333984375,46,-0.0390
1753359799.338668585,28,-0.0390
1753359799.354231834,46,-0.0400
1753359799.358969688,28,-0.0390
1753359799.373620510,46,-0.0400
1753359799.378606796,28,-0.0400
1753359799.393878698,46,-0.0290
1753359799.398776770,28,-0.0290
1753359799.414276123,46,-0.0400
1753359799.418698549,28,-0.0400
1753359799.433469296,46,-0.0390
1753359799.438433170,28,-0.0390
1753359799.453373194,46,-0.0400
1753359799.458383799,28,-0.0390
1753359799.473300934,46,-0.0390
1753359799.478269100,28,-0.0390
1753359799.493512630,46,-0.0440
1753359799.498223543,28,-0.0450
1753359799.513209820,46,-0.0440
1753359799.518413544,28,-0.0440
1753359799.533481359,46,-0.0450
1753359799.538290262,28,-0.0420
1753359799.553628206,46,-0.0440
1753359799.558372974,28,-0.0450
1753359799.573073864,46,-0.0320
1753359799.578078032,28,-0.0450
1753359799.592940331,46,-0.0450
1753359799.598027706,28,-0.0450
1753359799.612988949,46,-0.0450
1753359799.618230581,28,-0.0450
1753359799.633148670,46,-0.0450
1753359799.638051033,28,-0.0310
1753359799.653047323,46,-0.0380
1753359799.657963276,28,-0.0450
1753359799.673501968,46,-0.0450
1753359799.678408384,28,-0.0440
1753359799.692735195,46,-0.0490
1753359799.697891235,28,-0.0490
1753359799.713238716,46,-0.0490
1753359799.717963219,28,-0.0490
1753359799.732716560,46,-0.0490
1753359799.737823009,28,-0.0490
1753359799.752684355,46,-0.0490
1753359799.757761478,28,-0.0490
1753359799.772592068,46,-0.0490
1753359799.777660608,28,-0.0450
1753359799.792497396,46,-0.0490
1753359799.797785759,28,-0.0490
1753359799.812637091,46,-0.0500
1753359799.817770481,28,-0.0490
1753359799.832973480,46,-0.0490
1753359799.838012457,28,-0.0500
1753359799.852679968,46,-0.0490
1753359799.857751131,28,-0.0490
1753359799.872872114,46,-0.0490
1753359799.877560616,28,-0.0490
1753359799.892317295,46,-0.0540
1753359799.897550344,28,-0.0500
1753359799.912331343,46,-0.0540
1753359799.917498112,28,-0.0540
1753359799.932568073,46,-0.0550
1753359799.937491655,28,-0.0550
1753359799.952210665,46,-0.0550
1753359799.957417727,28,-0.0540
1753359799.972170591,46,-0.0540
1753359799.977893353,28,-0.0550
1753359799.992452621,46,-0.0540
1753359799.997656584,28,-0.0540
1753359800.012055159,46,-0.0540
1753359800.017287254,28,-0.0550
1753359800.032099724,46,-0.0540
1753359800.037230253,28,-0.0540
1753359800.052355051,46,-0.0540
1753359800.057477474,28,-0.0540
1753359800.071964502,46,-0.0550
1753359800.077300549,28,-0.0550
1753359800.092095375,46,-0.0600
1753359800.097195148,28,-0.0590
1753359800.112715006,46,-0.0600
1753359800.117410898,28,-0.0590
1753359800.131725073,46,-0.0590
1753359800.137001514,28,-0.0600
1753359800.152171373,46,-0.0600
1753359800.157230139,28,-0.0600
1753359800.171593904,46,-0.0600
1753359800.177061558,28,-0.0600
1753359800.191700459,46,-0.0590
1753359800.196975470,28,-0.0600
1753359800.212208271,46,-0.0600
1753359800.217220068,28,-0.0590
1753359800.231617212,46,-0.0590
1753359800.236880541,28,-0.0600
1753359800.251720905,46,-0.0600
1753359800.256803751,28,-0.0570
1753359800.272127390,46,-0.0600
1753359800.277051210,28,-0.0600
1753359800.291296482,46,-0.0650
1753359800.296925783,28,-0.0650
1753359800.311836958,46,-0.0650
1753359800.316910028,28,-0.0640
1753359800.332236528,46,-0.0650
1753359800.337073326,28,-0.0650
1753359800.351236582,46,-0.0650
1753359800.356574535,28,-0.0650
1753359800.371676683,46,-0.0630
1753359800.376814365,28,-0.0650
1753359800.391231537,46,-0.0650
1753359800.396999836,28,-0.0650
1753359800.411196470,46,-0.0650
1753359800.416464806,28,-0.0650
1753359800.431998491,46,-0.0650
1753359800.436918736,28,-0.0650
1753359800.451464653,46,-0.0650
1753359800.456702232,28,-0.0650
1753359800.471143007,46,-0.0640
1753359800.476451397,28,-0.0650
1753359800.491577625,46,-0.0700
1753359800.496747017,28,-0.0700
1753359800.510895014,46,-0.0700
1753359800.516266584,28,-0.0700
1753359800.531164885,46,-0.0680
1753359800.537164450,28,-0.0700
1753359800.550751209,46,-0.0690
1753359800.556277752,28,-0.0690
1753359800.570832491,46,-0.0700
1753359800.576267481,28,-0.0690
1753359800.590694189,46,-0.0650
1753359800.596691608,28,-0.0700
1753359800.610712528,46,-0.0700
1753359800.616551638,28,-0.0700
1753359800.630944014,46,-0.0700
1753359800.636137486,28,-0.0700
1753359800.650567770,46,-0.0700
1753359800.656560421,28,-0.0690
1753359800.670469522,46,-0.0650
1753359800.676552296,28,-0.0690
1753359800.690913677,46,-0.0690
1753359800.696750879,28,-0.0740
1753359800.710342169,46,-0.0740
1753359800.716254234,28,-0.0740
1753359800.730395079,46,-0.0750
1753359800.735847235,28,-0.0740
1753359800.750311136,46,-0.0740
1753359800.756615400,28,-0.0740
1753359800.770454645,46,-0.0730
1753359800.776163340,28,-0.0740
1753359800.790575266,46,-0.0750
1753359800.795886040,28,-0.0740
1753359800.810870409,46,-0.0750
1753359800.816419840,28,-0.0740
1753359800.830140352,46,-0.0740
1753359800.835856676,28,-0.0740
1753359800.850570202,46,-0.0740
1753359800.855797768,28,-0.0620
1753359800.871290684,46,-0.0740
1753359800.875972509,28,-0.0740
1753359800.890022755,46,-0.0740
1753359800.895655394,28,-0.0800
1753359800.911065817,46,-0.0800
1753359800.916158915,28,-0.0790
1753359800.930364132,46,-0.0790
1753359800.936152458,28,-0.0800
1753359800.949804783,46,-0.0790
1753359800.955615044,28,-0.0790
1753359800.969859362,46,-0.0580
1753359800.976187706,28,-0.0800
1753359800.989833832,46,-0.0800
1753359800.995621920,28,-0.0790
1753359801.010092735,46,-0.0800
1753359801.015575647,28,-0.0800
1753359801.029552221,46,-0.0790
1753359801.035962343,28,-0.0710
1753359801.049803019,46,-0.0800
1753359801.055463314,28,-0.0800
1753359801.069848776,46,-0.0790
1753359801.075528383,28,-0.0730
1753359801.089523554,46,-0.0800
1753359801.095761061,28,-0.0850
1753359801.109499454,46,-0.0850
1753359801.115324259,28,-0.0850
1753359801.129394293,46,-0.0840
1753359801.135327816,28,-0.0850
1753359801.149446964,46,-0.0850
1753359801.155670643,28,-0.0840
1753359801.169659615,46,-0.0780
1753359801.175305843,28,-0.0840
1753359801.190056562,46,-0.0840
1753359801.195705891,28,-0.0840
1753359801.209292889,46,-0.0840
1753359801.215189219,28,-0.0850
1753359801.229827881,46,-0.0840
1753359801.235234499,28,-0.0830
1753359801.249131203,46,-0.0850
1753359801.255664587,28,-0.0850
1753359801.269088507,46,-0.0850
1753359801.275367022,28,-0.0840
1753359801.289362192,46,-0.0540
1753359801.295456171,28,-0.0890
1753359801.309064150,46,-0.0900
1753359801.315759897,28,-0.0900
1753359801.329056263,46,-0.0890
1753359801.335259676,28,-0.0900
1753359801.349041700,46,-0.0900
1753359801.355258465,28,-0.0900
1753359801.368963480,46,-0.0900
1753359801.375155926,28,-0.0900
1753359801.389096022,46,-0.0890
1753359801.395050764,28,-0.0900
1753359801.409187555,46,-0.0900
1753359801.415108681,28,-0.0900
1753359801.429137945,46,-0.0900
1753359801.435371876,28,-0.0900
1753359801.448847771,46,-0.0890
1753359801.454957485,28,-0.0900
1753359801.468635798,46,-0.0900
1753359801.475035906,28,-0.0900
1753359801.488615274,46,-0.0890
1753359801.494729996,28,-0.0940
1753359801.509352207,46,-0.0860
1753359801.515035629,28,-0.0940
1753359801.528472424,46,-0.0940
1753359801.534675121,28,-0.0940
1753359801.548324585,46,-0.0940
1753359801.554680109,28,-0.0930
1753359801.568905354,46,-0.0940
1753359801.575156212,28,-0.0940
1753359801.588391066,46,-0.0940
1753359801.594659090,28,-0.0890
1753359801.608594894,46,-0.0940
1753359801.614567280,28,-0.0940
1753359801.628625631,46,-0.0910
1753359801.635025978,28,-0.0940
1753359801.648195982,46,-0.0940
1753359801.654482365,28,-0.0940
1753359801.668994665,46,-0.0940
1753359801.674675941,28,-0.0940
1753359801.688416958,46,-0.0940
1753359801.694477797,28,-0.0890
1753359801.708116770,46,-0.0990
1753359801.714327097,28,-0.0990
1753359801.728005648,46,-0.0990
1753359801.734732866,28,-0.1000
1753359801.748084784,46,-0.0990
1753359801.754783630,28,-0.0990
1753359801.768239975,46,-0.0990
1753359801.774263382,28,-0.0970
1753359801.787819862,46,-0.0990
1753359801.794216156,28,-0.0990
1753359801.807779074,46,-0.1000
1753359801.814153194,28,-0.0990
1753359801.827650070,46,-0.0990
1753359801.834141254,28,-0.0990
1753359801.847777843,46,-0.0990
1753359801.854525089,28,-0.0990
1753359801.867643833,46,-0.1000
1753359801.874228954,28,-0.0990
1753359801.887960434,46,-0.1000
1753359801.894656658,28,-0.0990
1753359801.907825708,46,-0.1040
1753359801.914921999,28,-0.1050
1753359801.927689075,46,-0.1040
1753359801.934030771,28,-0.1040
1753359801.947905302,46,-0.1000
1753359801.954299688,28,-0.0990
1753359801.967673779,46,-0.1040
1753359801.973915815,28,-0.1050
1753359801.987994671,46,-0.1050
1753359801.994116306,28,-0.1050
1753359802.007428408,46,-0.1050
1753359802.014218330,28,-0.1040
1753359802.027352095,46,-0.1050
1753359802.033904552,28,-0.1050
1753359802.047278881,46,-0.0930
1753359802.053794861,28,-0.1040
1753359802.067187548,46,-0.1040
1753359802.074312687,28,-0.1050
1753359802.087086678,46,-0.1050
1753359802.093816519,28,-0.0980
1753359802.107530832,46,-0.1090
1753359802.114087820,28,-0.1090
1753359802.127012014,46,-0.1090
1753359802.133661509,28,-0.1100
1753359802.147086382,46,-0.1030
1753359802.153909445,28,-0.1090
1753359802.167378664,46,-0.1090
1753359802.174446583,28,-0.1090
1753359802.186875582,46,-0.1090
1753359802.193711281,28,-0.1090
1753359802.207288980,46,-0.1090
1753359802.213553190,28,-0.1090
1753359802.227524519,46,-0.1090
1753359802.233658791,28,-0.1100
1753359802.246770859,46,-0.1100
1753359802.253519058,28,-0.1090
1753359802.267162561,46,-0.1060
1753359802.273581028,28,-0.1090
1753359802.287061453,46,-0.0960
1753359802.293843031,28,-0.1100
1753359802.306598425,46,-0.1150
1753359802.313447952,28,-0.1150
1753359802.326910496,46,-0.1030
1753359802.333686113,28,-0.1140
1753359802.346637726,46,-0.1100
1753359802.353733063,28,-0.1150
1753359802.366675615,46,-0.1150
1753359802.373326540,28,-0.1110
1753359802.386422873,46,-0.1150
1753359802.393791676,28,-0.1150
1753359802.406437635,46,-0.1150
1753359802.413249493,28,-0.1140
1753359802.427393675,46,-0.1140
1753359802.433184862,28,-0.1150
1753359802.446668148,46,-0.1150
1753359802.453239202,28,-0.1140
1753359802.466275930,46,-0.1140
1753359802.473096371,28,-0.1150
1753359802.486687422,46,-0.1140
1753359802.493254900,28,-0.1150
1753359802.506145239,46,-0.1190
1753359802.513173819,28,-0.1190
1753359802.526124954,46,-0.1190
1753359802.532935619,28,-0.1190
1753359802.546247482,46,-0.1200
1753359802.553168297,28,-0.1120
1753359802.566054821,46,-0.1200
1753359802.573414087,28,-0.1190
1753359802.586664438,46,-0.1200
1753359802.592864990,28,-0.1200
1753359802.606357813,46,-0.1050
1753359802.613221169,28,-0.1200
1753359802.625844717,46,-0.1200
1753359802.633914709,28,-0.1200
1753359802.645787954,46,-0.1200
1753359802.652730942,28,-0.1200
1753359802.665833235,46,-0.1100
1753359802.673046112,28,-0.1200
1753359802.685742140,46,-0.1200
1753359802.692721128,28,-0.1190
1753359802.706033707,46,-0.1240
1753359802.712866783,28,-0.1160
1753359802.725592375,46,-0.1240
1753359802.732650042,28,-0.1240
1753359802.746221542,46,-0.1240
1753359802.752498388,28,-0.1240
1753359802.765555382,46,-0.1250
1753359802.773245811,28,-0.1240
1753359802.785583973,46,-0.1250
1753359802.792732477,28,-0.1240
1753359802.805813074,46,-0.1240
1753359802.812707186,28,-0.1240
1753359802.825529337,46,-0.1250
1753359802.832588196,28,-0.1240
1753359802.845375538,46,-0.1240
1753359802.852365255,28,-0.1240
1753359802.865665436,46,-0.1240
1753359802.872824430,28,-0.1210
1753359802.885848522,46,-0.1240
1753359802.892688036,28,-0.1240
1753359802.905424595,46,-0.1300
1753359802.912329912,28,-0.1300
1753359802.925473213,46,-0.1300
1753359802.932444811,28,-0.1300
1753359802.945181847,46,-0.1300
1753359802.952219963,28,-0.1250
1753359802.965447426,46,-0.1300
1753359802.972252846,28,-0.1300
1753359802.985359430,46,-0.1300
1753359802.992501736,28,-0.1300
1753359803.004997730,46,-0.1300
1753359803.012086630,28,-0.1300
1753359803.025109529,46,-0.1300
1753359803.032415390,28,-0.1300
1753359803.045207500,46,-0.1300
1753359803.052248001,28,-0.1300
1753359803.064780474,46,-0.1300
1753359803.071889639,28,-0.1300
1753359803.085122108,46,-0.1290
1753359803.092218637,28,-0.1300
1753359803.104637623,46,-0.1350
1753359803.112262964,28,-0.1350
1753359803.124909878,46,-0.1350
1753359803.131831408,28,-0.1350
1753359803.145320654,46,-0.1350
1753359803.151945114,28,-0.1350
1753359803.164564371,46,-0.1350
1753359803.172065973,28,-0.1340
1753359803.184906483,46,-0.1350
1753359803.191750765,28,-0.1350
1753359803.205097437,46,-0.1350
1753359803.212062359,28,-0.1350
1753359803.224458694,46,-0.1350
1753359803.231564999,28,-0.1350
1753359803.244746447,46,-0.1350
1753359803.251871347,28,-0.1350
1753359803.264316559,46,-0.1350
1753359803.271941662,28,-0.1350
1753359803.284788370,46,-0.1350
1753359803.291910887,28,-0.1350
1753359803.304337740,46,-0.1390
1753359803.311563730,28,-0.1310
1753359803.324237347,46,-0.1400
1753359803.331834555,28,-0.1400
1753359803.344457150,46,-0.1390
1753359803.351395130,28,-0.1370
1753359803.364463329,46,-0.1400
1753359803.371706724,28,-0.1400
1753359803.384014130,46,-0.1390
1753359803.391285658,28,-0.1390
1753359803.404353857,46,-0.1400
1753359803.411360741,28,-0.1400
1753359803.423958540,46,-0.1390
1753359803.431846380,28,-0.1400
1753359803.443936348,46,-0.1390
1753359803.451200485,28,-0.1390
1753359803.464212656,46,-0.1400
1753359803.471377373,28,-0.1400
1753359803.483903646,46,-0.1400
1753359803.491674662,28,-0.1390
1753359803.504113913,46,-0.1440
1753359803.511039734,28,-0.1450
1753359803.524422169,46,-0.1440
1753359803.531271935,28,-0.1440
1753359803.543697357,46,-0.1450
1753359803.550965071,28,-0.1450
1753359803.563694477,46,-0.1440
1753359803.570984125,28,-0.1440
1753359803.584230185,46,-0.1420
1753359803.591366053,28,-0.1440
1753359803.603703499,46,-0.1450
1753359803.610930443,28,-0.1440
1753359803.623720407,46,-0.1450
1753359803.630976200,28,-0.1450
1753359803.643594265,46,-0.1450
1753359803.651147842,28,-0.1440
1753359803.663434982,46,-0.1440
1753359803.670723915,28,-0.1440
1753359803.683605194,46,-0.1410
1753359803.691091537,28,-0.1440
1753359803.703187704,46,-0.1490
1753359803.710672617,28,-0.1490
1753359803.723624468,46,-0.1490
1753359803.730576277,28,-0.1490
1753359803.743566275,46,-0.1490
1753359803.750872374,28,-0.1490
1753359803.763233185,46,-0.1490
1753359803.770586252,28,-0.1490
1753359803.783425570,46,-0.1290
1753359803.790611982,28,-0.1490
1753359803.803394794,46,-0.1500
1753359803.810868502,28,-0.1490
1753359803.822972059,46,-0.1490
1753359803.830434799,28,-0.1490
1753359803.842972279,46,-0.1490
1753359803.850497723,28,-0.1490
1753359803.862872362,46,-0.1490
1753359803.870305777,28,-0.1490
1753359803.882779837,46,-0.1490
1753359803.890371323,28,-0.1490
1753359803.903076887,46,-0.1530
1753359803.910699844,28,-0.1540
1753359803.922861576,46,-0.1550
1753359803.930678606,28,-0.1550
1753359803.942982674,46,-0.1550
1753359803.950225592,28,-0.1510
1753359803.962667704,46,-0.1510
1753359803.970610857,28,-0.1550
1753359803.982670546,46,-0.1540
1753359803.990383148,28,-0.1550
1753359804.003036976,46,-0.1550
1753359804.010223866,28,-0.1550
1753359804.022598982,46,-0.1520
1753359804.030467749,28,-0.1550
1753359804.042516470,46,-0.1540
1753359804.049957275,28,-0.1550
1753359804.063186169,46,-0.1540
1753359804.070341349,28,-0.1540
1753359804.082416058,46,-0.1550
1753359804.090049744,28,-0.1540
1753359804.102450848,46,-0.1430
1753359804.110151052,28,-0.1600
1753359804.122381210,46,-0.1600
1753359804.130278349,28,-0.1590
1753359804.142311573,46,-0.1590
1753359804.149832249,28,-0.1590
1753359804.162160397,46,-0.1600
1753359804.169798613,28,-0.1590
1753359804.183079958,46,-0.1590
1753359804.190263033,28,-0.1590
1753359804.202202559,46,-0.1590
1753359804.209977388,28,-0.1590
1753359804.222441435,46,-0.1590
1753359804.229974985,28,-0.1590
1753359804.242219925,46,-0.1590
1753359804.250145435,28,-0.1590
1753359804.262188435,46,-0.1590
1753359804.269650459,28,-0.1530
1753359804.282244205,46,-0.1540
1753359804.289976120,28,-0.1590
1753359804.301908731,46,-0.1590
1753359804.310108900,28,-0.1640
1753359804.322305441,46,-0.1650
1753359804.329579592,28,-0.1640
1753359804.341784239,46,-0.1650
1753359804.349880934,28,-0.1650
1753359804.361775160,46,-0.1640
1753359804.369525671,28,-0.1640
1753359804.382031679,46,-0.1640
1753359804.389461279,28,-0.1650
1753359804.401654720,46,-0.1650
1753359804.409385681,28,-0.1650
1753359804.421739578,46,-0.1650
1753359804.429350853,28,-0.1650
1753359804.441938162,46,-0.1550
1753359804.449631929,28,-0.1640
1753359804.461590052,46,-0.1650
1753359804.469778061,28,-0.1640
1753359804.481758118,46,-0.1650
1753359804.489202499,28,-0.1640
1753359804.502221584,46,-0.1630
1753359804.509486914,28,-0.1690
1753359804.521331310,46,-0.1700
1753359804.529148817,28,-0.1690
1753359804.541686296,46,-0.1660
1753359804.549314260,28,-0.1690
1753359804.561496973,46,-0.1690
1753359804.569189548,28,-0.1690
1753359804.581244469,46,-0.1690
1753359804.588998318,28,-0.1700
1753359804.601605177,46,-0.1620
1753359804.609383583,28,-0.1700
1753359804.621171951,46,-0.1690
1753359804.629485369,28,-0.1690
1753359804.641529560,46,-0.1690
1753359804.648884535,28,-0.1700
1753359804.661871672,46,-0.1690
1753359804.669191360,28,-0.1690
1753359804.681056023,46,-0.1700
1753359804.688840389,28,-0.1690
1753359804.701242685,46,-0.1700
1753359804.708729029,28,-0.1740
1753359804.720952272,46,-0.1750
1753359804.728984356,28,-0.1740
1753359804.740831137,46,-0.1740
1753359804.748728037,28,-0.1750
1753359804.761142969,46,-0.1700
1753359804.768818617,28,-0.1740
1753359804.780877590,46,-0.1740
1753359804.789038897,28,-0.1750
1753359804.800778151,46,-0.1600
1753359804.808646679,28,-0.1740
1753359804.821420193,46,-0.1740
1753359804.828858376,28,-0.1740
1753359804.840529203,46,-0.1690
1753359804.848841429,28,-0.1740
1753359804.860681295,46,-0.1740
1753359804.868495941,28,-0.1740
1753359804.880954981,46,-0.1750
1753359804.888650417,28,-0.1750
1753359804.900935888,46,-0.1740
1753359804.908293009,28,-0.1800
1753359804.920726538,46,-0.1790
1753359804.928337097,28,-0.1800
1753359804.940394402,46,-0.1800
1753359804.948454618,28,-0.1800
1753359804.960272312,46,-0.1790
1753359804.969303846,28,-0.1770
1753359804.980494738,46,-0.1800
1753359804.988278866,28,-0.1790
1753359805.000216484,46,-0.1800
1753359805.008418798,28,-0.1800
1753359805.020184040,46,-0.1790
1753359805.028087378,28,-0.1750
1753359805.041147232,46,-0.1800
1753359805.048324585,28,-0.1800
1753359805.060108900,46,-0.1800
1753359805.068446636,28,-0.1790
1753359805.080483675,46,-0.1800
1753359805.088153601,28,-0.1800
1753359805.099976540,46,-0.1800
1753359805.108097792,28,-0.1850
1753359805.119984627,46,-0.1840
1753359805.128231525,28,-0.1850
1753359805.140233755,46,-0.1850
1753359805.148038149,28,-0.1850
1753359805.159824133,46,-0.1710
1753359805.168362856,28,-0.1840
1753359805.179864407,46,-0.1840
1753359805.187987566,28,-0.1840
1753359805.200106144,46,-0.1840
1753359805.208053350,28,-0.1850
1753359805.219896793,46,-0.1850
1753359805.228338957,28,-0.1840
1753359805.240006208,46,-0.1850
1753359805.247741222,28,-0.1850
1753359805.259876966,46,-0.1830
1753359805.268100500,28,-0.1770
1753359805.279582977,46,-0.1850
1753359805.288444996,28,-0.1840
1753359805.300260305,46,-0.1850
1753359805.307536840,28,-0.1890
1753359805.319821119,46,-0.1890
1753359805.328057528,28,-0.1890
1753359805.339663267,46,-0.1890
1753359805.347556114,28,-0.1890
1753359805.360570431,46,-0.1890
1753359805.367581129,28,-0.1890
1753359805.379299164,46,-0.1730
1753359805.388733864,28,-0.1890
1753359805.399306297,46,-0.1890
1753359805.407330036,28,-0.1890
1753359805.419681072,46,-0.1890
1753359805.427767038,28,-0.1890
1753359805.439168215,46,-0.1890
1753359805.447801828,28,-0.1780
1753359805.459361792,46,-0.1890
1753359805.467315912,28,-0.1880
1753359805.479430437,46,-0.1890
1753359805.487632990,28,-0.1890
1753359805.499146223,46,-0.1890
1753359805.507248402,28,-0.1940
1753359805.519182920,46,-0.1950
1753359805.527199745,28,-0.1940
1753359805.539093018,46,-0.1940
1753359805.547920942,28,-0.1870
1753359805.558991432,46,-0.1950
1753359805.567735195,28,-0.1940
1753359805.579005003,46,-0.1940
1753359805.587233543,28,-0.1950
1753359805.598776102,46,-0.1940
1753359805.607009649,28,-0.1940
1753359805.618877649,46,-0.1940
1753359805.627070189,28,-0.1950
1753359805.639105558,46,-0.1940
1753359805.647230625,28,-0.1950
1753359805.658837080,46,-0.1940
1753359805.667012453,28,-0.1940
1753359805.678567648,46,-0.1950
1753359805.686818361,28,-0.1940
1753359805.698556662,46,-0.1900
1753359805.707573175,28,-0.1940
1753359805.718573809,46,-0.1990
1753359805.726808548,28,-0.1990
1753359805.738725185,46,-0.1990
1753359805.746889830,28,-0.1990
1753359805.759283781,46,-0.1990
1753359805.767038345,28,-0.1990
1753359805.778399229,46,-0.1990
1753359805.786724806,28,-0.1990
1753359805.798715115,46,-0.1990
1753359805.806917667,28,-0.1990
1753359805.818423986,46,-0.1990
1753359805.826817274,28,-0.1990
1753359805.839055777,46,-0.1990
1753359805.846696138,28,-0.1990
1753359805.858143091,46,-0.1990
1753359805.866698503,28,-0.1990
1753359805.878099918,46,-0.1990
1753359805.886669636,28,-0.1990
1753359805.898069620,46,-0.1940
1753359805.906598568,28,-0.2000
1753359805.917987347,46,-0.1950
1753359805.926662683,28,-0.1950
1753359805.938022852,46,-0.1950
1753359805.947319984,28,-0.1940
1753359805.958975315,46,-0.1950
1753359805.966590166,28,-0.1950
1753359805.977863073,46,-0.1940
1753359805.986871004,28,-0.1940
1753359805.997968435,46,-0.1950
1753359806.006426096,28,-0.1940
1753359806.018390179,46,-0.1940
1753359806.026791573,28,-0.1940
1753359806.037809849,46,-0.1940
1753359806.046768427,28,-0.1950
1753359806.058175564,46,-0.1940
1753359806.066343307,28,-0.1950
1753359806.077622414,46,-0.1940
1753359806.086709976,28,-0.1940
1753359806.097597837,46,-0.1950
1753359806.106468439,28,-0.1950
1753359806.117779493,46,-0.1890
1753359806.126250505,28,-0.1890
1753359806.137493849,46,-0.1890
1753359806.146428823,28,-0.1890
1753359806.157755375,46,-0.1890
1753359806.166150331,28,-0.1890
1753359806.177785397,46,-0.1890
1753359806.186476231,28,-0.1890
1753359806.197428226,46,-0.1800
1753359806.206240177,28,-0.1890
1753359806.217917204,46,-0.1890
1753359806.226144791,28,-0.1890
1753359806.237660170,46,-0.1890
1753359806.246530056,28,-0.1890
1753359806.257367373,46,-0.1890
1753359806.266052961,28,-0.1780
1753359806.277601004,46,-0.1890
1753359806.285912275,28,-0.1870
1753359806.297143221,46,-0.1820
1753359806.306088209,28,-0.1890
1753359806.317110300,46,-0.1850
1753359806.325767756,28,-0.1850
1753359806.337475538,46,-0.1850
1753359806.346199989,28,-0.1850
1753359806.356958151,46,-0.1850
1753359806.366259813,28,-0.1580
1753359806.377474546,46,-0.1840
1753359806.385858536,28,-0.1850
1753359806.396967173,46,-0.1840
1753359806.406246662,28,-0.1840
1753359806.416950703,46,-0.1840
1753359806.425668001,28,-0.1840
1753359806.436993837,46,-0.1850
1753359806.445652485,28,-0.1840
1753359806.457041502,46,-0.1850
1753359806.465723038,28,-0.1710
1753359806.476746798,46,-0.1850
1753359806.485549450,28,-0.1840
1753359806.497153997,46,-0.1840
1753359806.505701065,28,-0.1850
1753359806.516620636,46,-0.1800
1753359806.525807858,28,-0.1800
1753359806.536683798,46,-0.1800
1753359806.545414925,28,-0.1790
1753359806.563229799,46,-0.1800
1753359806.565431356,28,-0.1800
1753359806.576559544,46,-0.1800
1753359806.585713148,28,-0.1800
1753359806.596918106,46,-0.1800
1753359806.605365992,28,-0.1800
1753359806.616385460,46,-0.1740
1753359806.625560760,28,-0.1800
1753359806.636282206,46,-0.1800
1753359806.645150661,28,-0.1800
1753359806.656779289,46,-0.1800
1753359806.665392399,28,-0.1790
1753359806.676408291,46,-0.1800
1753359806.685278177,28,-0.1790
1753359806.696269274,46,-0.1800
1753359806.705296040,28,-0.1800
1753359806.716509104,46,-0.1740
1753359806.725443602,28,-0.1740
1753359806.736118555,46,-0.1750
1753359806.745468616,28,-0.1740
1753359806.756293297,46,-0.1740
1753359806.764984131,28,-0.1750
1753359806.776488781,46,-0.1740
1753359806.785799265,28,-0.1750
1753359806.796011925,46,-0.1740
1753359806.805283308,28,-0.1750
1753359806.816364288,46,-0.1700
1753359806.824897766,28,-0.1750
1753359806.836032867,46,-0.1740
1753359806.845349550,28,-0.1750
1753359806.855822802,46,-0.1740
1753359806.864799023,28,-0.1670
1753359806.876126051,46,-0.1750
1753359806.884805441,28,-0.1740
1753359806.895894527,46,-0.1740
1753359806.904884577,28,-0.1740
1753359806.915663242,46,-0.1700
1753359806.924674988,28,-0.1600
1753359806.936048269,46,-0.1700
1753359806.945412874,28,-0.1690
1753359806.955588341,46,-0.1700
1753359806.964959145,28,-0.1690
1753359806.975908756,46,-0.1700
1753359806.985323668,28,-0.1700
1753359806.995482922,46,-0.1660
1753359807.004917622,28,-0.1690
1753359807.015447140,46,-0.1690
1753359807.025168180,28,-0.1690
1753359807.035734177,46,-0.1700
1753359807.044570208,28,-0.1690
1753359807.055411100,46,-0.1690
1753359807.064665794,28,-0.1700
1753359807.075318098,46,-0.1700
1753359807.084443092,28,-0.1670
1753359807.095886707,46,-0.1700
1753359807.104988813,28,-0.1660
1753359807.115286350,46,-0.1640
1753359807.124450445,28,-0.1640
1753359807.135496140,46,-0.1640
1753359807.144192696,28,-0.1640
1753359807.155752897,46,-0.1640
1753359807.164745808,28,-0.1640
1753359807.175109386,46,-0.1640
1753359807.184348106,28,-0.1640
1753359807.195025921,46,-0.1640
1753359807.204094648,28,-0.1640
1753359807.214983225,46,-0.1640
1753359807.224083185,28,-0.1640
1753359807.234855890,46,-0.1640
1753359807.244305372,28,-0.1580
1753359807.255129814,46,-0.1640
1753359807.264112949,28,-0.1640
1753359807.274969578,46,-0.1640
1753359807.284734964,28,-0.1640
1753359807.295219660,46,-0.1640
1753359807.304416656,28,-0.1640
1753359807.315256834,46,-0.1590
1753359807.324684143,28,-0.1590
1753359807.334634304,46,-0.1590
1753359807.344266653,28,-0.1590
1753359807.355004311,46,-0.1590
1753359807.364071369,28,-0.1590
1753359807.375414133,46,-0.1590
1753359807.384212017,28,-0.1590
1753359807.394505978,46,-0.1590
1753359807.404070616,28,-0.1590
1753359807.415039301,46,-0.1590
1753359807.423833370,28,-0.1500
1753359807.435219288,46,-0.1590
1753359807.444131136,28,-0.1590
1753359807.454595804,46,-0.1590
1753359807.464194775,28,-0.1590
1753359807.474703074,46,-0.1590
1753359807.484627724,28,-0.1590
1753359807.494280338,46,-0.1590
1753359807.503985882,28,-0.1590
1753359807.514423847,46,-0.1540
1753359807.523679256,28,-0.1390
1753359807.534116507,46,-0.1540
1753359807.544367790,28,-0.1540
1753359807.554171085,46,-0.1540
1753359807.564025402,28,-0.1540
1753359807.574693441,46,-0.1540
1753359807.583695412,28,-0.1540
1753359807.593958139,46,-0.1540
1753359807.604326963,28,-0.1540
1753359807.614162445,46,-0.1540
1753359807.623613358,28,-0.1450
1753359807.634740829,46,-0.1540
1753359807.643779039,28,-0.1540
1753359807.653863907,46,-0.1540
1753359807.663757801,28,-0.1510
1753359807.674230099,46,-0.1540
1753359807.683623075,28,-0.1540
1753359807.694172144,46,-0.1540
1753359807.703850269,28,-0.1540
1753359807.713804007,46,-0.1540
1753359807.723888159,28,-0.1490
1753359807.734421253,46,-0.1490
1753359807.743401766,28,-0.1490
1753359807.753844261,46,-0.1490
1753359807.763990164,28,-0.1490
1753359807.773769379,46,-0.1490
1753359807.783294201,28,-0.1490
1753359807.794046164,46,-0.1480
1753359807.803356647,28,-0.1490
1753359807.813503504,46,-0.1490
1753359807.823515654,28,-0.1490
1753359807.833739042,46,-0.1490
1753359807.843140602,28,-0.1490
1753359807.853938580,46,-0.1280
1753359807.863557100,28,-0.1480
1753359807.873456478,46,-0.1490
1753359807.883657217,28,-0.1490
1753359807.893812656,46,-0.1490
1753359807.903072357,28,-0.1330
1753359807.913270473,46,-0.1490
1753359807.923044682,28,-0.1440
1753359807.933215141,46,-0.1440
1753359807.942929745,28,-0.1440
1753359807.953147411,46,-0.1440
1753359807.962825060,28,-0.1440
1753359807.973068953,46,-0.1440
1753359807.983247757,28,-0.1440
1753359807.993366241,46,-0.1440
1753359808.002836943,28,-0.1440
1753359808.013421774,46,-0.1440
1753359808.023159027,28,-0.1440
1753359808.033004045,46,-0.1440
1753359808.043597460,28,-0.1440
1753359808.053363800,46,-0.1440
1753359808.062885523,28,-0.1440
1753359808.072897434,46,-0.1440
1753359808.083300352,28,-0.1440
1753359808.093005419,46,-0.1390
1753359808.103057146,28,-0.1440
1753359808.113040447,46,-0.1440
1753359808.122772217,28,-0.1390
1753359808.133159637,46,-0.1390
1753359808.143056393,28,-0.1390
1753359808.152809143,46,-0.1390
1753359808.162664413,28,-0.1260
1753359808.172862530,46,-0.1390
1753359808.183121204,28,-0.1390
1753359808.192634821,46,-0.1390
1753359808.203129530,28,-0.1390
1753359808.212604046,46,-0.1360
1753359808.222566366,28,-0.1390
1753359808.233359814,46,-0.1390
1753359808.242860794,28,-0.1390
1753359808.252479076,46,-0.1390
1753359808.262918234,28,-0.1390
1753359808.272920370,46,-0.1390
1753359808.282501221,28,-0.1390
1753359808.292763472,46,-0.1390
1753359808.302783251,28,-0.1290
1753359808.312323093,46,-0.1390
1753359808.322343111,28,-0.1340
1753359808.332716465,46,-0.1310
1753359808.342387438,28,-0.1330
1753359808.352322102,46,-0.1340
1753359808.362778664,28,-0.1330
1753359808.372162104,46,-0.1190
1753359808.382712126,28,-0.1340
1753359808.392621040,46,-0.1340
1753359808.402268171,28,-0.1340
1753359808.412146807,46,-0.1340
1753359808.422566891,28,-0.1340
1753359808.432218313,46,-0.1340
1753359808.442114592,28,-0.1340
1753359808.452511311,46,-0.1340
1753359808.462673903,28,-0.1340
1753359808.471994638,46,-0.1340
1753359808.482421875,28,-0.1340
1753359808.492132187,46,-0.1340
1753359808.502082825,28,-0.1340
1753359808.512143373,46,-0.1120
1753359808.522340298,28,-0.1290
1753359808.531969070,46,-0.1290
1753359808.542439699,28,-0.1290
1753359808.552042723,46,-0.1290
1753359808.561966658,28,-0.1290
1753359808.571869612,46,-0.1290
1753359808.582231760,28,-0.1290
1753359808.592271090,46,-0.1290
1753359808.601827621,28,-0.1290
1753359808.612423182,46,-0.1290
1753359808.621984482,28,-0.1290
1753359808.631604910,46,-0.1290
1753359808.642418146,28,-0.1290
1753359808.651894093,46,-0.1290
1753359808.661678076,28,-0.1290
1753359808.671456814,46,-0.1290
1753359808.682036638,28,-0.1290
1753359808.691527843,46,-0.1290
1753359808.701985359,28,-0.1290
1753359808.711706877,46,-0.1290
1753359808.721607685,28,-0.1240
1753359808.731275320,46,-0.1240
1753359808.741549015,28,-0.1240
1753359808.751196384,46,-0.1240
1753359808.762468815,28,-0.1240
1753359808.771444559,46,-0.1240
1753359808.781690121,28,-0.1240
1753359808.791218519,46,-0.1050
1753359808.802083492,28,-0.1240
1753359808.811191082,46,-0.1240
1753359808.821609020,28,-0.1240
1753359808.831473827,46,-0.1240
1753359808.841829062,28,-0.1240
1753359808.851070166,46,-0.1240
1753359808.862100124,28,-0.1240
1753359808.871484995,46,-0.1240
1753359808.881704330,28,-0.1240
1753359808.891186953,46,-0.1240
1753359808.901869774,28,-0.1240
1753359808.910913944,46,-0.1240
1753359808.921496868,28,-0.1190
1753359808.931338549,46,-0.1190
1753359808.942410469,28,-0.1190
1753359808.950850248,46,-0.1190
1753359808.961725235,28,-0.1190
1753359808.970872164,46,-0.1190
1753359808.982183695,28,-0.1140
1753359808.991225004,46,-0.1190
1753359809.001600504,28,-0.1190
1753359809.010734081,46,-0.1190
1753359809.021604538,28,-0.1190
1753359809.030671358,46,-0.1190
1753359809.042223692,28,-0.1190
1753359809.050919771,46,-0.1190
1753359809.061358690,28,-0.1130
1753359809.070549726,46,-0.1190
1753359809.081688643,28,-0.1190
1753359809.090966225,46,-0.1190
1753359809.101197004,28,-0.1190
1753359809.110646486,46,-0.1190
1753359809.121387005,28,-0.1120
1753359809.130450249,46,-0.1140
1753359809.141191483,28,-0.1140
1753359809.150770426,46,-0.1140
1753359809.161041975,28,-0.1140
1753359809.170758247,46,-0.1140
1753359809.181162596,28,-0.1130
1753359809.191184044,46,-0.1140
1753359809.201416969,28,-0.1140
1753359809.210409641,46,-0.1140
1753359809.220955133,28,-0.1140
1753359809.230153322,46,-0.1140
1753359809.241275549,28,-0.1140
1753359809.250505686,46,-0.1140
1753359809.260807514,28,-0.1140
1753359809.270302773,46,-0.1140
1753359809.281076193,28,-0.1140
1753359809.290417433,46,-0.1140
1753359809.301033258,28,-0.1140
1753359809.310419798,46,-0.1140
1753359809.320721865,28,-0.1090
1753359809.330040932,46,-0.1090
1753359809.340939999,28,-0.1090
1753359809.349900723,46,-0.1090
1753359809.360670567,28,-0.1080
1753359809.370850086,46,-0.1090
1753359809.380731583,28,-0.1090
1753359809.389722109,46,-0.0960
1753359809.401002645,28,-0.1090
1753359809.410048962,46,-0.1090
1753359809.420563698,28,-0.0980
1753359809.429626226,46,-0.1000
1753359809.440733194,28,-0.1090
1753359809.449587107,46,-0.1090
1753359809.460776806,28,-0.1090
1753359809.469840288,46,-0.1090
1753359809.480586767,28,-0.1090
1753359809.489879608,46,-0.1090
1753359809.500808716,28,-0.1090
1753359809.509496689,46,-0.1090
1753359809.520319223,28,-0.1040
1753359809.529922724,46,-0.1040
1753359809.540446281,28,-0.1040
1753359809.549683809,46,-0.1040
1753359809.560715675,28,-0.1040
1753359809.569402218,46,-0.1040
1753359809.580269575,28,-0.1040
1753359809.589764833,46,-0.1040
1753359809.600343227,28,-0.1040
1753359809.609230995,46,-0.1040
1753359809.620175362,28,-0.1040
1753359809.629177332,46,-0.1030
1753359809.641061783,28,-0.0940
1753359809.649283409,46,-0.1040
1753359809.660379171,28,-0.1040
1753359809.669298887,46,-0.1040
1753359809.680170536,28,-0.1040
1753359809.690203190,46,-0.1040
1753359809.700195074,28,-0.1040
1753359809.709177017,46,-0.1040
1753359809.719928503,28,-0.0990
1753359809.728907347,46,-0.0990
1753359809.740437746,28,-0.0990
1753359809.749253035,46,-0.0990
1753359809.759971857,28,-0.0990
1753359809.768807173,46,-0.0990
1753359809.780234337,28,-0.0990
1753359809.788880825,46,-0.0990
1753359809.800170183,28,-0.0990
1753359809.809081316,46,-0.0990
1753359809.819895744,28,-0.0990
1753359809.828763485,46,-0.0990
1753359809.840286970,28,-0.0990
1753359809.849118471,46,-0.0990
1753359809.859793425,28,-0.0910
1753359809.869127274,46,-0.0990
1753359809.880001545,28,-0.0990
1753359809.888584852,46,-0.0990
1753359809.900046110,28,-0.0990
1753359809.908782482,46,-0.0990
1753359809.919794321,28,-0.0990
1753359809.928844690,46,-0.0940
1753359809.939950228,28,-0.0940
1753359809.948476315,46,-0.0940
1753359809.959673882,28,-0.0790
1753359809.968331099,46,-0.0940
1753359809.979614496,28,-0.0940
1753359809.988342047,46,-0.0940
1753359809.999556303,28,-0.0940
1753359810.008245230,46,-0.0940
1753359810.019517899,28,-0.0940
1753359810.028618336,46,-0.0940
1753359810.039705276,28,-0.0940
1753359810.048224926,46,-0.0920
1753359810.060048342,28,-0.0940
1753359810.068463802,46,-0.0940
1753359810.079585791,28,-0.0940
1753359810.088478804,46,-0.0850
1753359810.099932194,28,-0.0860
1753359810.108048439,46,-0.0940
1753359810.119820595,28,-0.0940
1753359810.128337145,46,-0.0890
1753359810.139426708,28,-0.0890
1753359810.148525476,46,-0.0890
1753359810.159728289,28,-0.0890
1753359810.167951822,46,-0.0890
1753359810.179789543,28,-0.0890
1753359810.188092947,46,-0.0890
1753359810.199293137,28,-0.0890
1753359810.207839966,46,-0.0860
1753359810.219769955,28,-0.0890
1753359810.227806091,46,-0.0890
1753359810.239220619,28,-0.0890
1753359810.247706890,46,-0.0890
1753359810.259118080,28,-0.0890
1753359810.267693758,46,-0.0890
1753359810.279529810,28,-0.0880
1753359810.287962437,46,-0.0890
1753359810.299323559,28,-0.0890
1753359810.307848454,46,-0.0890
1753359810.320033789,28,-0.0870
1753359810.327528715,46,-0.0840
1753359810.339454651,28,-0.0830
1753359810.347780943,46,-0.0840
1753359810.359178782,28,-0.0830
1753359810.368315697,46,-0.0800
1753359810.379839182,28,-0.0840
1753359810.387468338,46,-0.0840
1753359810.399189234,28,-0.0840
1753359810.407812119,46,-0.0840
1753359810.419051886,28,-0.0760
1753359810.427322388,46,-0.0820
1753359810.439489126,28,-0.0840
1753359810.447353601,46,-0.0840
1753359810.459153652,28,-0.0840
1753359810.467437029,46,-0.0840
1753359810.478946924,28,-0.0840
1753359810.487430334,46,-0.0840
1753359810.499250889,28,-0.0840
1753359810.507398367,46,-0.0840
1753359810.518858433,28,-0.0840
1753359810.527076244,46,-0.0790
1753359810.539402485,28,-0.0790
1753359810.547120571,46,-0.0790
1753359810.559033394,28,-0.0790
1753359810.567083836,46,-0.0790
1753359810.578921795,28,-0.0790
1753359810.586992741,46,-0.0790
1753359810.599890947,28,-0.0790
1753359810.607005835,46,-0.0790
1753359810.618839979,28,-0.0790
1753359810.627326488,46,-0.0790
1753359810.638974428,28,-0.0790
1753359810.646713018,46,-0.0790
1753359810.659320831,28,-0.0790
1753359810.666972160,46,-0.0790
1753359810.678788662,28,-0.0790
1753359810.687241793,46,-0.0710
1753359810.698893309,28,-0.0790
1753359810.706611156,46,-0.0790
1753359810.718725681,28,-0.0790
1753359810.726856470,46,-0.0740
1753359810.738680124,28,-0.0740
1753359810.746922016,46,-0.0740
1753359810.758880854,28,-0.0740
1753359810.766563177,46,-0.0740
1753359810.778823614,28,-0.0740
1753359810.786952972,46,-0.0740
1753359810.798503637,28,-0.0740
1753359810.807162762,46,-0.0740
1753359810.819296837,28,-0.0740
1753359810.826683760,46,-0.0740
1753359810.838352680,28,-0.0740
1753359810.846836805,46,-0.0740
1753359810.858428717,28,-0.0740
1753359810.866271019,46,-0.0740
1753359810.879422903,28,-0.0740
1753359810.886468887,46,-0.0740
1753359810.898391008,28,-0.0740
1753359810.906287909,46,-0.0740
1753359810.918452978,28,-0.0740
1753359810.926118135,46,-0.0690
1753359810.938706875,28,-0.0690
1753359810.946403027,46,-0.0470
1753359810.958198547,28,-0.0690
1753359810.966071367,46,-0.0690
1753359810.978499174,28,-0.0590
1753359810.986006498,46,-0.0690
1753359810.998499632,28,-0.0690
1753359811.006580591,46,-0.0690
1753359811.018084288,28,-0.0690
1753359811.026107073,46,-0.0690
1753359811.038747311,28,-0.0690
1753359811.045874119,46,-0.0690
1753359811.057999134,28,-0.0690
1753359811.066789627,46,-0.0690
1753359811.078308344,28,-0.0690
1753359811.085760117,46,-0.0690
1753359811.098460913,28,-0.0690
1753359811.106175900,46,-0.0690
1753359811.117909193,28,-0.0690
1753359811.125565290,46,-0.0640
1753359811.137744427,28,-0.0640
1753359811.145509720,46,-0.0640
1753359811.158208847,28,-0.0640
1753359811.165966272,46,-0.0640
1753359811.177807331,28,-0.0640
1753359811.185931444,46,-0.0640
1753359811.197817564,28,-0.0640
1753359811.205378294,46,-0.0640
1753359811.217601299,28,-0.0640
1753359811.225802183,46,-0.0640
1753359811.237705946,28,-0.0640
1753359811.245393991,46,-0.0330
1753359811.258197784,28,-0.0640
1753359811.265393257,46,-0.0640
1753359811.277912855,28,-0.0640
1753359811.285676003,46,-0.0640
1753359811.297549248,28,-0.0640
1753359811.305134296,46,-0.0480
1753359811.318608046,28,-0.0640
1753359811.326583147,46,-0.0640
1753359811.337390661,28,-0.0590
1753359811.345317364,46,-0.0590
1753359811.357496977,28,-0.0590
1753359811.365147829,46,-0.0590
1753359811.377282619,28,-0.0590
1753359811.385735989,46,-0.0590
1753359811.397498846,28,-0.0590
1753359811.405104876,46,-0.0590
1753359811.417469501,28,-0.0430
1753359811.424983740,46,-0.0590
1753359811.437362194,28,-0.0590
1753359811.445356607,46,-0.0590
1753359811.457047224,28,-0.0590
1753359811.464832306,46,-0.0590
1753359811.477564335,28,-0.0590
1753359811.484791040,46,-0.0590
1753359811.497124195,28,-0.0550
1753359811.505773067,46,-0.0590
1753359811.517071962,28,-0.0590
1753359811.524731636,46,-0.0590
1753359811.537242889,28,-0.0480
1753359811.544778824,46,-0.0540
1753359811.557451725,28,-0.0540
1753359811.610965729,46,-0.0540
1753359811.611083508,28,-0.0540
1753359811.611137629,46,-0.0540
1753359811.611184835,28,-0.0480
1753359811.611238718,46,-0.0540
1753359811.616835833,28,-0.0540
1753359811.624427557,46,-0.0540
1753359811.636860609,28,-0.0540
1753359811.644424438,46,-0.0540
1753359811.656796932,28,-0.0540
1753359811.665307283,46,-0.0540
1753359811.676858902,28,-0.0540
1753359811.684328556,46,-0.0540
1753359811.697083235,28,-0.0540
1753359811.704330683,46,-0.0540
1753359811.716718912,28,-0.0540
1753359811.724383116,46,-0.0540
1753359811.737483025,28,-0.0490
1753359811.744611263,46,-0.0490
1753359811.757083893,28,-0.0490
1753359811.764242411,46,-0.0490
1753359811.776608467,28,-0.0490
1753359811.784043312,46,-0.0490
1753359811.796578407,28,-0.0490
1753359811.804002285,46,-0.0490
1753359811.817003250,28,-0.0470
1753359811.824863672,46,-0.0490
1753359811.836625099,28,-0.0490
1753359811.844205379,46,-0.0490
1753359811.857270718,28,-0.0490
1753359811.864051819,46,-0.0360
1753359811.876559734,28,-0.0490
1753359811.883958340,46,-0.0490
1753359811.896672249,28,-0.0490
1753359811.903875828,46,-0.0490
1753359811.916971922,28,-0.0490
1753359811.923755169,46,-0.0490
1753359811.936521530,28,-0.0440
1753359811.944079638,46,-0.0440
1753359811.956383705,28,-0.0440
1753359811.963689804,46,-0.0440
1753359811.976576328,28,-0.0440
1753359811.984522581,46,-0.0440
1753359811.996191025,28,-0.0440
1753359812.003557682,46,-0.0440
1753359812.016181946,28,-0.0440
1753359812.023512602,46,-0.0350
1753359812.036152124,28,-0.0420
1753359812.043441772,46,-0.0440
1753359812.056094646,28,-0.0440
1753359812.063452244,46,-0.0440
1753359812.076587677,28,-0.0440
1753359812.084228277,46,-0.0440
1753359812.096152544,28,-0.0440
1753359812.103706837,46,-0.0440
1753359812.116009712,28,-0.0440
1753359812.123259544,46,-0.0440
1753359812.135953426,28,-0.0390
1753359812.143977880,46,-0.0390
1753359812.155963182,28,-0.0390
1753359812.163311720,46,-0.0390
1753359812.176388979,28,-0.0390
1753359812.183163881,46,-0.0390
1753359812.196001053,28,-0.0390
1753359812.203094721,46,-0.0390
1753359812.216000319,28,-0.0340
1753359812.223133087,46,-0.0390
1753359812.236265659,28,-0.0390
1753359812.243032694,46,-0.0390
1753359812.256140709,28,-0.0390
1753359812.263458252,46,-0.0390
1753359812.275665998,28,-0.0390
1753359812.283311605,46,-0.0370
1753359812.295664072,28,-0.0360
1753359812.302897453,46,-0.0390
1753359812.315528154,28,-0.0390
1753359812.323203564,46,-0.0390
1753359812.335699558,28,-0.0340
1753359812.342771769,46,-0.0340
1753359812.355959654,28,-0.0340
1753359812.362925768,46,-0.0340
1753359812.375482798,28,-0.0340
1753359812.382646799,46,-0.0340
1753359812.395933390,28,-0.0340
1753359812.402647257,46,-0.0340
1753359812.415887117,28,-0.0220
1753359812.422806501,46,-0.0340
1753359812.435445309,28,-0.0340
1753359812.442769289,46,-0.0340
1753359812.455988884,28,-0.0340
1753359812.462489367,46,-0.0340
1753359812.475308895,28,-0.0340
1753359812.482763529,46,-0.0340
1753359812.495348215,28,-0.0340
1753359812.502437353,46,-0.0170
1753359812.515981674,28,-0.0340
1753359812.522384882,46,-0.0340
1753359812.535574436,28,-0.0290
1753359812.542559862,46,-0.0290
1753359812.555172920,28,-0.0290
1753359812.562318563,46,-0.0290
1753359812.576144457,28,-0.0290
1753359812.582518816,46,-0.0290
1753359812.595230818,28,-0.0290
1753359812.602639437,46,-0.0290
1753359812.615022659,28,-0.0290
1753359812.622067690,46,-0.0210
1753359812.635113955,28,-0.0290
1753359812.642445087,46,-0.0290
1753359812.655193806,28,-0.0160
1753359812.662128687,46,-0.0290
1753359812.675417185,28,-0.0290
1753359812.682078838,46,-0.0290
1753359812.695054293,28,-0.0290
1753359812.702161312,46,-0.0290
1753359812.714908361,28,-0.0290
1753359812.722110748,46,-0.0290
1753359812.735450506,28,-0.0240
1753359812.741868973,46,-0.0240
1753359812.755069494,28,-0.0240
1753359812.761797667,46,-0.0120
1753359812.774846792,28,-0.0240
1753359812.781667471,46,-0.0240
1753359812.794781208,28,-0.0240
1753359812.801777601,46,-0.0240
1753359812.814881325,28,-0.0030
1753359812.821749687,46,-0.0240
1753359812.835020542,28,-0.0240
1753359812.841694355,46,-0.0240
1753359812.855887651,28,-0.0240
1753359812.861882210,46,-0.0240
1753359812.874796867,28,-0.0240
1753359812.881504536,46,-0.0240
1753359812.895120144,28,-0.0240
1753359812.901520729,46,-0.0240
1753359812.914767027,28,-0.0240
1753359812.921847343,46,-0.0240
1753359812.934556246,28,-0.0190
1753359812.941291571,46,-0.0190
1753359812.954568148,28,-0.0190
1753359812.961272717,46,-0.0190
1753359812.974554539,28,-0.0190
1753359812.981706381,46,-0.0190
1753359812.995276451,28,-0.0190
1753359813.001317739,46,-0.0190
1753359813.015277624,28,-0.0190
1753359813.021376610,46,-0.0190
1753359813.034399271,28,-0.0190
1753359813.041018486,46,-0.0190
1753359813.054384470,28,-0.0190
1753359813.060982943,46,-0.0190
1753359813.075049639,28,-0.0190
1753359813.081387997,46,-0.0190
1753359813.094360113,28,-0.0190
1753359813.102086544,46,-0.0190
1753359813.114279985,28,-0.0190
1753359813.120851994,46,-0.0140
1753359813.134122610,28,-0.0140
1753359813.141000271,46,-0.0140
1753359813.154193401,28,-0.0140
1753359813.161021948,46,-0.0050
1753359813.174561024,28,-0.0140
1753359813.181139708,46,-0.0140
1753359813.194097042,28,-0.0140
1753359813.200755119,46,-0.0030
1753359813.214600801,28,-0.0140
1753359813.220636606,46,-0.0140
1753359813.234001398,28,-0.0140
1753359813.241099834,46,-0.0140
1753359813.254204750,28,-0.0140
1753359813.260632038,46,-0.0140
1753359813.274640799,28,-0.0140
1753359813.280524015,46,-0.0140
1753359813.293836117,28,-0.0140
1753359813.300390720,46,-0.0140
1753359813.313789368,28,-0.0140
1753359813.320435762,46,-0.0140
1753359813.333779097,28,-0.0090
1753359813.340752602,46,-0.0090
1753359813.353875160,28,-0.0090
1753359813.361103535,46,-0.0090
1753359813.374090910,28,-0.0090
1753359813.380198240,46,-0.0090
1753359813.394613028,28,-0.0090
1753359813.400654793,46,-0.0090
1753359813.413876295,28,-0.0090
1753359813.421069145,46,-0.0070
1753359813.434154034,28,-0.0090
1753359813.440284967,46,-0.0090
1753359813.453626871,28,-0.0090
1753359813.460110903,46,-0.0070
1753359813.473571539,28,-0.0090
1753359813.480096817,46,-0.0090
1753359813.493865490,28,-0.0010
1753359813.500361204,46,-0.0090
1753359813.513854504,28,-0.0090
1753359813.520063400,46,-0.0090
1753359813.533974409,28,-0.0040
1753359813.539905310,46,-0.0030
1753359813.553583860,28,-0.0040
1753359813.560238123,46,0.0040
1753359813.573605776,28,-0.0040
1753359813.579838991,46,0.0040
1753359813.593703747,28,-0.0040
1753359813.600041866,46,0.0030
1753359813.613668442,28,-0.0040
1753359813.620352268,46,0.0040
1753359813.633387804,28,-0.0040
1753359813.639901400,46,0.0030
1753359813.653808832,28,-0.0040
1753359813.659966946,46,0.0040
1753359813.673434258,28,-0.0040
1753359813.680085659,46,0.0040
1753359813.693388700,28,-0.0040
1753359813.699485540,46,0.0040
1753359813.714043379,28,-0.0040
1753359813.719565630,46,0.0040
1753359813.733329296,28,-0.0040
1753359813.739454985,46,0.0000
1753359813.753302574,28,0.0000
1753359813.759364367,46,0.0000
1753359813.773381472,28,0.0000
1753359813.779496431,46,0.0000
1753359813.793446541,28,0.0000
1753359813.799682379,46,0.0000
1753359813.813665867,28,0.0000
1753359813.819488049,46,0.0000
1753359813.833593130,28,0.0000
1753359813.840246439,46,0.0000
1753359813.853579998,28,0.0000
1753359813.859288692,46,0.0000
1753359813.873111010,28,0.0000
1753359813.879122019,46,0.0000
1753359813.893191338,28,0.0000
1753359813.899353504,46,0.0000
1753359813.913445711,28,0.0000
1753359813.918975830,46,0.0000
1753359813.933425665,28,0.0000
1753359813.939302921,46,0.0000
1753359813.953000784,28,0.0000
1753359813.958995819,46,0.0000
1753359813.973263979,28,0.0000
1753359813.978980064,46,0.0000
1753359813.993038654,28,0.0000
1753359813.999154091,46,0.0000
1753359814.012895584,28,0.0000
1753359814.018752098,46,0.0000
1753359814.032803535,28,0.0000
1753359814.038655281,46,0.0000
1753359814.052744865,28,0.0000
1753359814.058620930,46,0.0000
1753359814.072690725,28,0.0000
1753359814.078631878,46,0.0000
1753359814.092673540,28,0.0000
1753359814.098553419,46,0.0000
1753359814.112670183,28,0.0000
1753359814.118562222,46,0.0000
1753359814.132717133,28,0.0000
1753359814.138406515,46,0.0000
1753359814.152700663,28,0.0000
1753359814.158916712,46,0.0000
1753359814.172624111,28,0.0000
1753359814.178424358,46,0.0000
1753359814.192915201,28,0.0000
1753359814.198396444,46,0.0000
1753359814.212492466,28,0.0000
1753359814.218354940,46,0.0000
1753359814.232424259,28,0.0000
1753359814.238598108,46,0.0000
1753359814.252822876,28,0.0000
1753359814.258684397,46,0.0000
1753359814.272404432,28,0.0000
1753359814.278421402,46,0.0000
1753359814.292377234,28,0.0000
1753359814.298156261,46,0.0000
1753359814.312633514,28,0.0000
1753359814.318529367,46,0.0000
1753359814.332246304,28,0.0000
1753359814.338047981,46,0.0000
1753359814.352646828,28,0.0000
1753359814.358165979,46,0.0000
1753359814.372074842,28,0.0000
1753359814.377977371,46,0.0000
1753359814.392101526,28,0.0000
1753359814.397931099,46,0.0000
1753359814.412590742,28,0.0000
1753359814.417977095,46,0.0000
1753359814.432103157,28,0.0000
1753359814.438163519,46,0.0000
1753359814.451966524,28,0.0000
1753359814.457710028,46,0.0000
1753359814.472275019,28,0.0000
1753359814.478188515,46,0.0000
1753359814.492109776,28,0.0000
1753359814.497788191,46,0.0000
1753359814.511996269,28,0.0000
1753359814.517582893,46,0.0000
1753359814.532768488,28,0.0000
1753359814.537669659,46,0.0000
1753359814.551850557,28,0.0000
1753359814.557787418,46,0.0000
1753359814.571995497,28,0.0000
1753359814.577790260,46,0.0000
1753359814.591880560,28,0.0000
1753359814.598126173,46,0.0000
1753359814.611781597,28,0.0000
1753359814.617329597,46,0.0000
1753359814.631513834,28,0.0000
1753359814.637254238,46,0.0000
1753359814.651626348,28,0.0000
1753359814.658057451,46,0.0000
1753359814.671655893,28,0.0000
1753359814.677267790,46,0.0000
1753359814.691899300,28,0.0000
1753359814.697209358,46,0.0000
1753359814.711526394,28,0.0000
1753359814.717118740,46,0.0000
1753359814.731465101,28,0.0000
1753359814.737057209,46,0.0000
1753359814.751399279,28,0.0000
1753359814.757295609,46,0.0000
1753359814.771875858,28,0.0000
1753359814.777037382,46,0.0000
1753359814.791338444,28,0.0000
1753359814.796988964,46,0.0000
1753359814.811276436,28,0.0000
1753359814.816853285,46,0.0000
1753359814.831194639,28,0.0000
1753359814.836893559,46,0.0000
1753359814.851277828,28,0.0000
1753359814.857218504,46,0.0000
1753359814.871194601,28,0.0000
1753359814.876765728,46,0.0000
1753359814.891388416,28,0.0000
1753359814.896803617,46,0.0000
1753359814.911396027,28,0.0000
1753359814.917255640,46,0.0000
1753359814.931210279,28,0.0000
